-- phpMyAdmin SQL Dump
-- version 4.9.0.1
-- https://www.phpmyadmin.net/
--
-- Host: sql311.infinityfree.com
-- Generation Time: Jul 30, 2025 at 12:13 AM
-- Server version: 11.4.7-MariaDB
-- PHP Version: 7.2.22

SET SQL_MODE = "NO_AUTO_VALUE_ON_ZERO";
SET AUTOCOMMIT = 0;
START TRANSACTION;
SET time_zone = "+00:00";


/*!40101 SET @OLD_CHARACTER_SET_CLIENT=@@CHARACTER_SET_CLIENT */;
/*!40101 SET @OLD_CHARACTER_SET_RESULTS=@@CHARACTER_SET_RESULTS */;
/*!40101 SET @OLD_COLLATION_CONNECTION=@@COLLATION_CONNECTION */;
/*!40101 SET NAMES utf8mb4 */;

--
-- Database: `if0_39400763_skillfort`
--

-- --------------------------------------------------------

--
-- Table structure for table `admin`
--

CREATE TABLE `admin` (
  `id` int(200) NOT NULL,
  `username` varchar(200) NOT NULL,
  `password` varchar(200) NOT NULL
) ENGINE=InnoDB DEFAULT CHARSET=utf8mb4 COLLATE=utf8mb4_general_ci;

--
-- Dumping data for table `admin`
--

INSERT INTO `admin` (`id`, `username`, `password`) VALUES
(1, 'admin', 'admin');

-- --------------------------------------------------------

--
-- Table structure for table `attendance`
--

CREATE TABLE `attendance` (
  `id` int(11) NOT NULL,
  `student_id` int(11) NOT NULL,
  `student_name` varchar(100) DEFAULT NULL,
  `mobile` varchar(20) DEFAULT NULL,
  `date` date NOT NULL,
  `status` enum('Present','Absent') NOT NULL,
  `class_name` varchar(500) NOT NULL
) ENGINE=InnoDB DEFAULT CHARSET=utf8mb4 COLLATE=utf8mb4_general_ci;

--
-- Dumping data for table `attendance`
--

INSERT INTO `attendance` (`id`, `student_id`, `student_name`, `mobile`, `date`, `status`, `class_name`) VALUES
(2, 12, 'selva', '9500912257', '2025-07-05', 'Present', 'Oracle Batch 2'),
(18, 38, 'Ramkumar', '9514936179', '2025-07-08', 'Present', 'Oracle Batch 10'),
(19, 37, 'Dharmaraj', '8098878795', '2025-07-08', 'Present', 'Oracle Batch 10'),
(20, 36, 'Prasanth', '9080483113', '2025-07-08', 'Present', 'Oracle Batch 10'),
(21, 35, 'Aravind', '9486052202', '2025-07-08', 'Present', 'Oracle Batch 10'),
(22, 34, 'Sathish', '7904675149', '2025-07-08', 'Present', 'Oracle Batch 10'),
(23, 33, 'Deepanjali', '6379564830', '2025-07-08', 'Present', 'Oracle Batch 10'),
(24, 32, 'Naveen Kumar', '8825844973', '2025-07-08', 'Present', 'Oracle Batch 10'),
(25, 31, 'krishna kumar', '6369039460', '2025-07-08', 'Present', 'Oracle Batch 10'),
(26, 30, 'Arathy', '9809430258', '2025-07-08', 'Present', 'Oracle Batch 10'),
(27, 29, 'Rathinavel', '8248594356', '2025-07-08', 'Absent', 'Oracle Batch 10'),
(28, 28, 'Mohandoss R', '8883444971', '2025-07-08', 'Present', 'Oracle Batch 10'),
(29, 27, 'Deepashalini Palamalai ', '7418293964', '2025-07-08', 'Absent', 'Oracle Batch 10'),
(30, 26, 'Mathivathanan', '9976933742', '2025-07-08', 'Present', 'Oracle Batch 10'),
(31, 24, 'Deepak Roshan v', '6381939295', '2025-07-08', 'Present', 'Oracle Batch 10'),
(32, 23, 'Surya ', '8300975729', '2025-07-08', 'Absent', 'Oracle Batch 10'),
(33, 38, 'Ramkumar', '9514936179', '2025-07-09', 'Present', 'Oracle Batch 10'),
(34, 37, 'Dharmaraj', '8098878795', '2025-07-09', 'Absent', 'Oracle Batch 10'),
(35, 36, 'Prasanth', '9080483113', '2025-07-09', 'Present', 'Oracle Batch 10'),
(36, 35, 'Aravind', '9486052202', '2025-07-09', 'Present', 'Oracle Batch 10'),
(37, 34, 'Sathish', '7904675149', '2025-07-09', 'Present', 'Oracle Batch 10'),
(38, 33, 'Deepanjali', '6379564830', '2025-07-09', 'Absent', 'Oracle Batch 10'),
(39, 32, 'Naveen Kumar', '8825844973', '2025-07-09', 'Present', 'Oracle Batch 10'),
(40, 31, 'krishna kumar', '6369039460', '2025-07-09', 'Present', 'Oracle Batch 10'),
(41, 30, 'Arathy', '9809430258', '2025-07-09', 'Absent', 'Oracle Batch 10'),
(42, 29, 'Rathinavel', '8248594356', '2025-07-09', 'Absent', 'Oracle Batch 10'),
(43, 28, 'Mohandoss R', '8883444971', '2025-07-09', 'Present', 'Oracle Batch 10'),
(44, 27, 'Deepashalini Palamalai ', '7418293964', '2025-07-09', 'Present', 'Oracle Batch 10'),
(45, 26, 'Mathivathanan', '9976933742', '2025-07-09', 'Absent', 'Oracle Batch 10'),
(46, 24, 'Deepak Roshan v', '6381939295', '2025-07-09', 'Present', 'Oracle Batch 10'),
(47, 23, 'Surya ', '8300975729', '2025-07-09', 'Present', 'Oracle Batch 10'),
(48, 97, 'Vembu', '95669 75342', '2025-07-09', 'Absent', 'Python Batch 7'),
(49, 96, 'Angel Mercy', '7092419645', '2025-07-09', 'Present', 'Python Batch 7'),
(50, 95, 'Sabarish PS', '9841990413', '2025-07-09', 'Present', 'Python Batch 7'),
(51, 94, 'Amarish', '7708457086', '2025-07-09', 'Present', 'Python Batch 7'),
(52, 93, 'Charan', '8179261977', '2025-07-09', 'Present', 'Python Batch 7'),
(53, 92, 'Priyan', '9698986488', '2025-07-09', 'Present', 'Python Batch 7'),
(54, 91, 'Vishnu', '9176071577', '2025-07-09', 'Present', 'Python Batch 7'),
(55, 90, 'Bharath B', '6381199263', '2025-07-09', 'Present', 'Python Batch 7'),
(56, 22, 'Chandrika', '7867846794', '2025-07-10', 'Present', 'Oracle Batch 9'),
(57, 20, 'Tharani', '7339643917', '2025-07-10', 'Present', 'Oracle Batch 9'),
(58, 19, 'ARULSELVI K', '8110997716', '2025-07-10', 'Present', 'Oracle Batch 9'),
(59, 18, 'MANIKANDAN', '9344226932', '2025-07-10', 'Present', 'Oracle Batch 9'),
(60, 38, 'Ramkumar', '9514936179', '2025-07-10', 'Present', 'Oracle Batch 10'),
(61, 37, 'Dharmaraj', '8098878795', '2025-07-10', 'Absent', 'Oracle Batch 10'),
(62, 36, 'Prasanth', '9080483113', '2025-07-10', 'Present', 'Oracle Batch 10'),
(63, 35, 'Aravind', '9486052202', '2025-07-10', 'Present', 'Oracle Batch 10'),
(64, 34, 'Sathish', '7904675149', '2025-07-10', 'Present', 'Oracle Batch 10'),
(65, 33, 'Deepanjali', '6379564830', '2025-07-10', 'Absent', 'Oracle Batch 10'),
(66, 32, 'Naveen Kumar', '8825844973', '2025-07-10', 'Present', 'Oracle Batch 10'),
(67, 31, 'krishna kumar', '6369039460', '2025-07-10', 'Present', 'Oracle Batch 10'),
(68, 30, 'Arathy', '9809430258', '2025-07-10', 'Absent', 'Oracle Batch 10'),
(69, 29, 'Rathinavel', '8248594356', '2025-07-10', 'Absent', 'Oracle Batch 10'),
(70, 28, 'Mohandoss R', '8883444971', '2025-07-10', 'Present', 'Oracle Batch 10'),
(71, 27, 'Deepashalini Palamalai ', '7418293964', '2025-07-10', 'Present', 'Oracle Batch 10'),
(72, 26, 'Mathivathanan', '9976933742', '2025-07-10', 'Absent', 'Oracle Batch 10'),
(73, 24, 'Deepak Roshan v', '6381939295', '2025-07-10', 'Present', 'Oracle Batch 10'),
(74, 23, 'Surya ', '8300975729', '2025-07-10', 'Present', 'Oracle Batch 10'),
(75, 98, 'Suriya', '8270085401', '2025-07-11', 'Present', 'Python Batch 7'),
(76, 97, 'Vembu', '95669 75342', '2025-07-11', 'Present', 'Python Batch 7'),
(77, 96, 'Angel Mercy', '7092419645', '2025-07-11', 'Present', 'Python Batch 7'),
(78, 95, 'Sabarish PS', '9841990413', '2025-07-11', 'Absent', 'Python Batch 7'),
(79, 94, 'Amarish', '7708457086', '2025-07-11', 'Present', 'Python Batch 7'),
(80, 93, 'Charan', '8179261977', '2025-07-11', 'Present', 'Python Batch 7'),
(81, 92, 'Priyan', '9698986488', '2025-07-11', 'Present', 'Python Batch 7'),
(82, 91, 'Vishnu', '9176071577', '2025-07-11', 'Absent', 'Python Batch 7'),
(83, 90, 'Bharath B', '6381199263', '2025-07-11', 'Present', 'Python Batch 7'),
(84, 74, 'Russo', '8667384036', '2025-07-11', 'Present', 'Python Batch 4'),
(85, 70, 'Aarthy', '8838555658', '2025-07-11', 'Present', 'Python Batch 4'),
(86, 69, 'Irshad', '9789261630', '2025-07-11', 'Present', 'Python Batch 4'),
(87, 68, 'Mithun', '8892082422', '2025-07-11', 'Absent', 'Python Batch 4'),
(88, 67, 'Dilip ', '9345320359', '2025-07-11', 'Absent', 'Python Batch 4'),
(89, 66, 'Divya', '6379769668', '2025-07-11', 'Absent', 'Python Batch 4'),
(90, 65, 'Ayyanar', '9655864785', '2025-07-11', 'Absent', 'Python Batch 4'),
(91, 64, 'Prasanna', '9791743280', '2025-07-11', 'Absent', 'Python Batch 4'),
(92, 63, 'Keith', '6382120727', '2025-07-11', 'Absent', 'Python Batch 4'),
(93, 62, 'vishwa', '6369503460', '2025-07-11', 'Absent', 'Python Batch 4'),
(94, 61, 'Tharun', '9171524503', '2025-07-11', 'Absent', 'Python Batch 4'),
(95, 60, 'Kowsalya', '9790759716', '2025-07-11', 'Present', 'Python Batch 4'),
(96, 59, 'Suresh', '95664 33593', '2025-07-11', 'Present', 'Python Batch 4'),
(97, 80, 'Ram prabhu', '9790450597', '2025-07-11', 'Present', 'Python Batch 5'),
(98, 79, 'Raguraman', '9159814922', '2025-07-11', 'Present', 'Python Batch 5'),
(99, 78, 'thiyagu', '7010809761', '2025-07-11', 'Present', 'Python Batch 5'),
(100, 77, 'desappriyan', '8695513113', '2025-07-11', 'Absent', 'Python Batch 5'),
(101, 75, 'Bathri Nath', '8056713494', '2025-07-11', 'Present', 'Python Batch 5'),
(102, 38, 'Ramkumar', '9514936179', '2025-07-11', 'Present', 'Oracle Batch 10'),
(103, 37, 'Dharmaraj', '8098878795', '2025-07-11', 'Present', 'Oracle Batch 10'),
(104, 36, 'Prasanth', '9080483113', '2025-07-11', 'Present', 'Oracle Batch 10'),
(105, 35, 'Aravind', '9486052202', '2025-07-11', 'Present', 'Oracle Batch 10'),
(106, 34, 'Sathish', '7904675149', '2025-07-11', 'Present', 'Oracle Batch 10'),
(107, 33, 'Deepanjali', '6379564830', '2025-07-11', 'Present', 'Oracle Batch 10'),
(108, 32, 'Naveen Kumar', '8825844973', '2025-07-11', 'Present', 'Oracle Batch 10'),
(109, 31, 'krishna kumar', '6369039460', '2025-07-11', 'Present', 'Oracle Batch 10'),
(110, 30, 'Arathy', '9809430258', '2025-07-11', 'Present', 'Oracle Batch 10'),
(111, 29, 'Rathinavel', '8248594356', '2025-07-11', 'Present', 'Oracle Batch 10'),
(112, 28, 'Mohandoss R', '8883444971', '2025-07-11', 'Present', 'Oracle Batch 10'),
(113, 27, 'Deepashalini Palamalai ', '7418293964', '2025-07-11', 'Present', 'Oracle Batch 10'),
(114, 26, 'Mathivathanan', '9976933742', '2025-07-11', 'Present', 'Oracle Batch 10'),
(115, 24, 'Deepak Roshan v', '6381939295', '2025-07-11', 'Present', 'Oracle Batch 10'),
(116, 23, 'Surya ', '8300975729', '2025-07-11', 'Present', 'Oracle Batch 10'),
(117, 89, 'sanjeev', '9884934005', '2025-07-11', 'Present', 'Python Batch 6'),
(118, 88, 'Praveen kumar', '6380510544', '2025-07-11', 'Present', 'Python Batch 6'),
(119, 87, 'Meialagar', '9994077580', '2025-07-11', 'Present', 'Python Batch 6'),
(120, 86, 'Yuvaraj', '6383330509', '2025-07-11', 'Present', 'Python Batch 6'),
(121, 85, 'Srinivasan', '6383136779', '2025-07-11', 'Present', 'Python Batch 6'),
(122, 84, 'Pratheep', '6381179227', '2025-07-11', 'Present', 'Python Batch 6'),
(123, 83, 'Priya Dharshini', '9342879381', '2025-07-11', 'Present', 'Python Batch 6'),
(124, 82, 'Parimala', '9791977193', '2025-07-11', 'Absent', 'Python Batch 6'),
(125, 81, 'Raja Mohamad', '7010963769', '2025-07-11', 'Present', 'Python Batch 6'),
(126, 98, 'Suriya', '8270085401', '2025-07-12', 'Absent', 'Python Batch 7'),
(127, 97, 'Vembu', '95669 75342', '2025-07-12', 'Present', 'Python Batch 7'),
(128, 96, 'Angel Mercy', '7092419645', '2025-07-12', 'Present', 'Python Batch 7'),
(129, 95, 'Sabarish PS', '9841990413', '2025-07-12', 'Absent', 'Python Batch 7'),
(130, 94, 'Amarish', '7708457086', '2025-07-12', 'Present', 'Python Batch 7'),
(131, 93, 'Charan', '8179261977', '2025-07-12', 'Present', 'Python Batch 7'),
(132, 92, 'Priyan', '9698986488', '2025-07-12', 'Present', 'Python Batch 7'),
(133, 91, 'Vishnu', '9176071577', '2025-07-12', 'Absent', 'Python Batch 7'),
(134, 90, 'Bharath B', '6381199263', '2025-07-12', 'Present', 'Python Batch 7'),
(135, 80, 'Ram prabhu', '9790450597', '2025-07-12', 'Present', 'Python Batch 5'),
(136, 79, 'Raguraman', '9159814922', '2025-07-12', 'Present', 'Python Batch 5'),
(137, 78, 'thiyagu', '7010809761', '2025-07-12', 'Present', 'Python Batch 5'),
(138, 77, 'desappriyan', '8695513113', '2025-07-12', 'Absent', 'Python Batch 5'),
(139, 75, 'Bathri Nath', '8056713494', '2025-07-12', 'Present', 'Python Batch 5'),
(140, 74, 'Russo', '8667384036', '2025-07-12', 'Present', 'Python Batch 4'),
(141, 70, 'Aarthy', '8838555658', '2025-07-12', 'Absent', 'Python Batch 4'),
(142, 69, 'Irshad', '9789261630', '2025-07-12', 'Present', 'Python Batch 4'),
(143, 68, 'Mithun', '8892082422', '2025-07-12', 'Absent', 'Python Batch 4'),
(144, 67, 'Dilip ', '9345320359', '2025-07-12', 'Absent', 'Python Batch 4'),
(145, 66, 'Divya', '6379769668', '2025-07-12', 'Absent', 'Python Batch 4'),
(146, 65, 'Ayyanar', '9655864785', '2025-07-12', 'Absent', 'Python Batch 4'),
(147, 64, 'Prasanna', '9791743280', '2025-07-12', 'Absent', 'Python Batch 4'),
(148, 63, 'Keith', '6382120727', '2025-07-12', 'Absent', 'Python Batch 4'),
(149, 62, 'vishwa', '6369503460', '2025-07-12', 'Absent', 'Python Batch 4'),
(150, 61, 'Tharun', '9171524503', '2025-07-12', 'Absent', 'Python Batch 4'),
(151, 60, 'Kowsalya', '9790759716', '2025-07-12', 'Present', 'Python Batch 4'),
(152, 59, 'Suresh', '95664 33593', '2025-07-12', 'Absent', 'Python Batch 4'),
(153, 89, 'sanjeev', '9884934005', '2025-07-12', 'Present', 'Python Batch 6'),
(154, 88, 'Praveen kumar', '6380510544', '2025-07-12', 'Present', 'Python Batch 6'),
(155, 87, 'Meialagar', '9994077580', '2025-07-12', 'Absent', 'Python Batch 6'),
(156, 86, 'Yuvaraj', '6383330509', '2025-07-12', 'Absent', 'Python Batch 6'),
(157, 85, 'Srinivasan', '6383136779', '2025-07-12', 'Present', 'Python Batch 6'),
(158, 84, 'Pratheep', '6381179227', '2025-07-12', 'Present', 'Python Batch 6'),
(159, 83, 'Priya Dharshini', '9342879381', '2025-07-12', 'Absent', 'Python Batch 6'),
(160, 82, 'Parimala', '9791977193', '2025-07-12', 'Absent', 'Python Batch 6'),
(161, 81, 'Raja Mohamad', '7010963769', '2025-07-12', 'Present', 'Python Batch 6'),
(162, 98, 'Suriya', '8270085401', '2025-07-14', 'Present', 'Python Batch 7'),
(163, 97, 'Vembu', '95669 75342', '2025-07-14', 'Present', 'Python Batch 7'),
(164, 96, 'Angel Mercy', '7092419645', '2025-07-14', 'Present', 'Python Batch 7'),
(165, 95, 'Sabarish PS', '9841990413', '2025-07-14', 'Absent', 'Python Batch 7'),
(166, 94, 'Amarish', '7708457086', '2025-07-14', 'Present', 'Python Batch 7'),
(167, 93, 'Charan', '8179261977', '2025-07-14', 'Present', 'Python Batch 7'),
(168, 92, 'Priyan', '9698986488', '2025-07-14', 'Present', 'Python Batch 7'),
(169, 91, 'Vishnu', '9176071577', '2025-07-14', 'Absent', 'Python Batch 7'),
(170, 90, 'Bharath B', '6381199263', '2025-07-14', 'Present', 'Python Batch 7'),
(171, 74, 'Russo', '8667384036', '2025-07-14', 'Present', 'Python Batch 4'),
(172, 70, 'Aarthy', '8838555658', '2025-07-14', 'Present', 'Python Batch 4'),
(173, 69, 'Irshad', '9789261630', '2025-07-14', 'Present', 'Python Batch 4'),
(174, 68, 'Mithun', '8892082422', '2025-07-14', 'Absent', 'Python Batch 4'),
(175, 67, 'Dilip ', '9345320359', '2025-07-14', 'Absent', 'Python Batch 4'),
(176, 66, 'Divya', '6379769668', '2025-07-14', 'Absent', 'Python Batch 4'),
(177, 65, 'Ayyanar', '9655864785', '2025-07-14', 'Absent', 'Python Batch 4'),
(178, 64, 'Prasanna', '9791743280', '2025-07-14', 'Absent', 'Python Batch 4'),
(179, 63, 'Keith', '6382120727', '2025-07-14', 'Absent', 'Python Batch 4'),
(180, 62, 'vishwa', '6369503460', '2025-07-14', 'Absent', 'Python Batch 4'),
(181, 61, 'Tharun', '9171524503', '2025-07-14', 'Absent', 'Python Batch 4'),
(182, 60, 'Kowsalya', '9790759716', '2025-07-14', 'Present', 'Python Batch 4'),
(183, 59, 'Suresh', '95664 33593', '2025-07-14', 'Present', 'Python Batch 4'),
(184, 80, 'Ram prabhu', '9790450597', '2025-07-14', 'Absent', 'Python Batch 5'),
(185, 79, 'Raguraman', '9159814922', '2025-07-14', 'Absent', 'Python Batch 5'),
(186, 78, 'thiyagu', '7010809761', '2025-07-14', 'Absent', 'Python Batch 5'),
(187, 77, 'desappriyan', '8695513113', '2025-07-14', 'Absent', 'Python Batch 5'),
(188, 75, 'Bathri Nath', '8056713494', '2025-07-14', 'Present', 'Python Batch 5'),
(189, 38, 'Ramkumar', '9514936179', '2025-07-14', 'Absent', 'Oracle Batch 10'),
(190, 37, 'Dharmaraj', '8098878795', '2025-07-14', 'Absent', 'Oracle Batch 10'),
(191, 36, 'Prasanth', '9080483113', '2025-07-14', 'Present', 'Oracle Batch 10'),
(192, 35, 'Aravind', '9486052202', '2025-07-14', 'Present', 'Oracle Batch 10'),
(193, 34, 'Sathish', '7904675149', '2025-07-14', 'Present', 'Oracle Batch 10'),
(194, 33, 'Deepanjali', '6379564830', '2025-07-14', 'Present', 'Oracle Batch 10'),
(195, 32, 'Naveen Kumar', '8825844973', '2025-07-14', 'Present', 'Oracle Batch 10'),
(196, 31, 'krishna kumar', '6369039460', '2025-07-14', 'Present', 'Oracle Batch 10'),
(197, 30, 'Arathy', '9809430258', '2025-07-14', 'Absent', 'Oracle Batch 10'),
(198, 29, 'Rathinavel', '8248594356', '2025-07-14', 'Present', 'Oracle Batch 10'),
(199, 28, 'Mohandoss R', '8883444971', '2025-07-14', 'Present', 'Oracle Batch 10'),
(200, 27, 'Deepashalini Palamalai ', '7418293964', '2025-07-14', 'Present', 'Oracle Batch 10'),
(201, 26, 'Mathivathanan', '9976933742', '2025-07-14', 'Absent', 'Oracle Batch 10'),
(202, 24, 'Deepak Roshan v', '6381939295', '2025-07-14', 'Present', 'Oracle Batch 10'),
(203, 23, 'Surya ', '8300975729', '2025-07-14', 'Present', 'Oracle Batch 10'),
(204, 89, 'sanjeev', '9884934005', '2025-07-14', 'Present', 'Python Batch 6'),
(205, 88, 'Praveen kumar', '6380510544', '2025-07-14', 'Present', 'Python Batch 6'),
(206, 87, 'Meialagar', '9994077580', '2025-07-14', 'Absent', 'Python Batch 6'),
(207, 86, 'Yuvaraj', '6383330509', '2025-07-14', 'Absent', 'Python Batch 6'),
(208, 85, 'Srinivasan', '6383136779', '2025-07-14', 'Present', 'Python Batch 6'),
(209, 84, 'Pratheep', '6381179227', '2025-07-14', 'Present', 'Python Batch 6'),
(210, 83, 'Priya Dharshini', '9342879381', '2025-07-14', 'Absent', 'Python Batch 6'),
(211, 82, 'Parimala', '9791977193', '2025-07-14', 'Present', 'Python Batch 6'),
(212, 81, 'Raja Mohamad', '7010963769', '2025-07-14', 'Present', 'Python Batch 6'),
(213, 22, 'Chandrika', '7867846794', '2025-07-14', 'Present', 'Oracle Batch 9'),
(214, 20, 'Tharani', '7339643917', '2025-07-14', 'Present', 'Oracle Batch 9'),
(215, 19, 'ARULSELVI K', '8110997716', '2025-07-14', 'Present', 'Oracle Batch 9'),
(216, 18, 'MANIKANDAN', '9344226932', '2025-07-14', 'Absent', 'Oracle Batch 9'),
(217, 98, 'Suriya', '8270085401', '2025-07-15', 'Present', 'Python Batch 7'),
(218, 97, 'Vembu', '95669 75342', '2025-07-15', 'Absent', 'Python Batch 7'),
(219, 96, 'Angel Mercy', '7092419645', '2025-07-15', 'Present', 'Python Batch 7'),
(220, 95, 'Sabarish PS', '9841990413', '2025-07-15', 'Absent', 'Python Batch 7'),
(221, 94, 'Amarish', '7708457086', '2025-07-15', 'Present', 'Python Batch 7'),
(222, 93, 'Charan', '8179261977', '2025-07-15', 'Present', 'Python Batch 7'),
(223, 92, 'Priyan', '9698986488', '2025-07-15', 'Present', 'Python Batch 7'),
(224, 91, 'Vishnu', '9176071577', '2025-07-15', 'Absent', 'Python Batch 7'),
(225, 90, 'Bharath B', '6381199263', '2025-07-15', 'Present', 'Python Batch 7'),
(226, 80, 'Ram prabhu', '9790450597', '2025-07-15', 'Absent', 'Python Batch 5'),
(227, 79, 'Raguraman', '9159814922', '2025-07-15', 'Present', 'Python Batch 5'),
(228, 78, 'thiyagu', '7010809761', '2025-07-15', 'Present', 'Python Batch 5'),
(229, 77, 'desappriyan', '8695513113', '2025-07-15', 'Absent', 'Python Batch 5'),
(230, 75, 'Bathri Nath', '8056713494', '2025-07-15', 'Present', 'Python Batch 5'),
(231, 74, 'Russo', '8667384036', '2025-07-15', 'Present', 'Python Batch 4'),
(232, 70, 'Aarthy', '8838555658', '2025-07-15', 'Present', 'Python Batch 4'),
(233, 69, 'Irshad', '9789261630', '2025-07-15', 'Present', 'Python Batch 4'),
(234, 68, 'Mithun', '8892082422', '2025-07-15', 'Absent', 'Python Batch 4'),
(235, 67, 'Dilip ', '9345320359', '2025-07-15', 'Absent', 'Python Batch 4'),
(236, 66, 'Divya', '6379769668', '2025-07-15', 'Absent', 'Python Batch 4'),
(237, 65, 'Ayyanar', '9655864785', '2025-07-15', 'Absent', 'Python Batch 4'),
(238, 64, 'Prasanna', '9791743280', '2025-07-15', 'Absent', 'Python Batch 4'),
(239, 63, 'Keith', '6382120727', '2025-07-15', 'Absent', 'Python Batch 4'),
(240, 62, 'vishwa', '6369503460', '2025-07-15', 'Absent', 'Python Batch 4'),
(241, 61, 'Tharun', '9171524503', '2025-07-15', 'Absent', 'Python Batch 4'),
(242, 60, 'Kowsalya', '9790759716', '2025-07-15', 'Present', 'Python Batch 4'),
(243, 59, 'Suresh', '95664 33593', '2025-07-15', 'Present', 'Python Batch 4'),
(244, 38, 'Ramkumar', '9514936179', '2025-07-15', 'Present', 'Oracle Batch 10'),
(245, 37, 'Dharmaraj', '8098878795', '2025-07-15', 'Absent', 'Oracle Batch 10'),
(246, 36, 'Prasanth', '9080483113', '2025-07-15', 'Present', 'Oracle Batch 10'),
(247, 35, 'Aravind', '9486052202', '2025-07-15', 'Present', 'Oracle Batch 10'),
(248, 34, 'Sathish', '7904675149', '2025-07-15', 'Present', 'Oracle Batch 10'),
(249, 33, 'Deepanjali', '6379564830', '2025-07-15', 'Absent', 'Oracle Batch 10'),
(250, 32, 'Naveen Kumar', '8825844973', '2025-07-15', 'Present', 'Oracle Batch 10'),
(251, 31, 'krishna kumar', '6369039460', '2025-07-15', 'Present', 'Oracle Batch 10'),
(252, 30, 'Arathy', '9809430258', '2025-07-15', 'Absent', 'Oracle Batch 10'),
(253, 29, 'Rathinavel', '8248594356', '2025-07-15', 'Present', 'Oracle Batch 10'),
(254, 28, 'Mohandoss R', '8883444971', '2025-07-15', 'Present', 'Oracle Batch 10'),
(255, 27, 'Deepashalini Palamalai ', '7418293964', '2025-07-15', 'Present', 'Oracle Batch 10'),
(256, 26, 'Mathivathanan', '9976933742', '2025-07-15', 'Present', 'Oracle Batch 10'),
(257, 24, 'Deepak Roshan v', '6381939295', '2025-07-15', 'Present', 'Oracle Batch 10'),
(258, 23, 'Surya ', '8300975729', '2025-07-15', 'Present', 'Oracle Batch 10'),
(259, 89, 'sanjeev', '9884934005', '2025-07-15', 'Absent', 'Python Batch 6'),
(260, 88, 'Praveen kumar', '6380510544', '2025-07-15', 'Present', 'Python Batch 6'),
(261, 87, 'Meialagar', '9994077580', '2025-07-15', 'Present', 'Python Batch 6'),
(262, 86, 'Yuvaraj', '6383330509', '2025-07-15', 'Absent', 'Python Batch 6'),
(263, 85, 'Srinivasan', '6383136779', '2025-07-15', 'Present', 'Python Batch 6'),
(264, 84, 'Pratheep', '6381179227', '2025-07-15', 'Present', 'Python Batch 6'),
(265, 83, 'Priya Dharshini', '9342879381', '2025-07-15', 'Absent', 'Python Batch 6'),
(266, 82, 'Parimala', '9791977193', '2025-07-15', 'Present', 'Python Batch 6'),
(267, 81, 'Raja Mohamad', '7010963769', '2025-07-15', 'Absent', 'Python Batch 6'),
(268, 22, 'Chandrika', '7867846794', '2025-07-15', 'Present', 'Oracle Batch 9'),
(269, 20, 'Tharani', '7339643917', '2025-07-15', 'Present', 'Oracle Batch 9'),
(270, 19, 'ARULSELVI K', '8110997716', '2025-07-15', 'Present', 'Oracle Batch 9'),
(271, 18, 'MANIKANDAN', '9344226932', '2025-07-15', 'Absent', 'Oracle Batch 9'),
(272, 98, 'Suriya', '8270085401', '2025-07-16', 'Present', 'Python Batch 7'),
(273, 97, 'Vembu', '95669 75342', '2025-07-16', 'Present', 'Python Batch 7'),
(274, 96, 'Angel Mercy', '7092419645', '2025-07-16', 'Present', 'Python Batch 7'),
(275, 95, 'Sabarish PS', '9841990413', '2025-07-16', 'Absent', 'Python Batch 7'),
(276, 94, 'Amarish', '7708457086', '2025-07-16', 'Present', 'Python Batch 7'),
(277, 93, 'Charan', '8179261977', '2025-07-16', 'Present', 'Python Batch 7'),
(278, 92, 'Priyan', '9698986488', '2025-07-16', 'Present', 'Python Batch 7'),
(279, 91, 'Vishnu', '9176071577', '2025-07-16', 'Absent', 'Python Batch 7'),
(280, 90, 'Bharath B', '6381199263', '2025-07-16', 'Absent', 'Python Batch 7'),
(281, 80, 'Ram prabhu', '9790450597', '2025-07-16', 'Present', 'Python Batch 5'),
(282, 79, 'Raguraman', '9159814922', '2025-07-16', 'Present', 'Python Batch 5'),
(283, 78, 'thiyagu', '7010809761', '2025-07-16', 'Present', 'Python Batch 5'),
(284, 77, 'desappriyan', '8695513113', '2025-07-16', 'Absent', 'Python Batch 5'),
(285, 75, 'Bathri Nath', '8056713494', '2025-07-16', 'Present', 'Python Batch 5'),
(286, 74, 'Russo', '8667384036', '2025-07-16', 'Present', 'Python Batch 4'),
(287, 70, 'Aarthy', '8838555658', '2025-07-16', 'Present', 'Python Batch 4'),
(288, 69, 'Irshad', '9789261630', '2025-07-16', 'Present', 'Python Batch 4'),
(289, 68, 'Mithun', '8892082422', '2025-07-16', 'Absent', 'Python Batch 4'),
(290, 67, 'Dilip ', '9345320359', '2025-07-16', 'Absent', 'Python Batch 4'),
(291, 66, 'Divya', '6379769668', '2025-07-16', 'Absent', 'Python Batch 4'),
(292, 65, 'Ayyanar', '9655864785', '2025-07-16', 'Absent', 'Python Batch 4'),
(293, 64, 'Prasanna', '9791743280', '2025-07-16', 'Present', 'Python Batch 4'),
(294, 63, 'Keith', '6382120727', '2025-07-16', 'Absent', 'Python Batch 4'),
(295, 62, 'vishwa', '6369503460', '2025-07-16', 'Absent', 'Python Batch 4'),
(296, 61, 'Tharun', '9171524503', '2025-07-16', 'Absent', 'Python Batch 4'),
(297, 60, 'Kowsalya', '9790759716', '2025-07-16', 'Present', 'Python Batch 4'),
(298, 59, 'Suresh', '95664 33593', '2025-07-16', 'Present', 'Python Batch 4'),
(299, 89, 'sanjeev', '9884934005', '2025-07-16', 'Present', 'Python Batch 6'),
(300, 88, 'Praveen kumar', '6380510544', '2025-07-16', 'Present', 'Python Batch 6'),
(301, 87, 'Meialagar', '9994077580', '2025-07-16', 'Present', 'Python Batch 6'),
(302, 86, 'Yuvaraj', '6383330509', '2025-07-16', 'Absent', 'Python Batch 6'),
(303, 85, 'Srinivasan', '6383136779', '2025-07-16', 'Present', 'Python Batch 6'),
(304, 84, 'Pratheep', '6381179227', '2025-07-16', 'Present', 'Python Batch 6'),
(305, 83, 'Priya Dharshini', '9342879381', '2025-07-16', 'Absent', 'Python Batch 6'),
(306, 82, 'Parimala', '9791977193', '2025-07-16', 'Present', 'Python Batch 6'),
(307, 81, 'Raja Mohamad', '7010963769', '2025-07-16', 'Present', 'Python Batch 6'),
(308, 22, 'Chandrika', '7867846794', '2025-07-16', 'Present', 'Oracle Batch 9'),
(309, 20, 'Tharani', '7339643917', '2025-07-16', 'Present', 'Oracle Batch 9'),
(310, 19, 'ARULSELVI K', '8110997716', '2025-07-16', 'Present', 'Oracle Batch 9'),
(311, 18, 'MANIKANDAN', '9344226932', '2025-07-16', 'Present', 'Oracle Batch 9'),
(312, 98, 'Suriya', '8270085401', '2025-07-17', 'Present', 'Python Batch 7'),
(313, 97, 'Vembu', '95669 75342', '2025-07-17', 'Present', 'Python Batch 7'),
(314, 96, 'Angel Mercy', '7092419645', '2025-07-17', 'Absent', 'Python Batch 7'),
(315, 95, 'Sabarish PS', '9841990413', '2025-07-17', 'Absent', 'Python Batch 7'),
(316, 94, 'Amarish', '7708457086', '2025-07-17', 'Present', 'Python Batch 7'),
(317, 93, 'Charan', '8179261977', '2025-07-17', 'Present', 'Python Batch 7'),
(318, 92, 'Priyan', '9698986488', '2025-07-17', 'Present', 'Python Batch 7'),
(319, 91, 'Vishnu', '9176071577', '2025-07-17', 'Absent', 'Python Batch 7'),
(320, 90, 'Bharath B', '6381199263', '2025-07-17', 'Present', 'Python Batch 7'),
(321, 74, 'Russo', '8667384036', '2025-07-17', 'Present', 'Python Batch 4'),
(322, 70, 'Aarthy', '8838555658', '2025-07-17', 'Present', 'Python Batch 4'),
(323, 69, 'Irshad', '9789261630', '2025-07-17', 'Present', 'Python Batch 4'),
(324, 68, 'Mithun', '8892082422', '2025-07-17', 'Absent', 'Python Batch 4'),
(325, 67, 'Dilip ', '9345320359', '2025-07-17', 'Absent', 'Python Batch 4'),
(326, 66, 'Divya', '6379769668', '2025-07-17', 'Absent', 'Python Batch 4'),
(327, 65, 'Ayyanar', '9655864785', '2025-07-17', 'Absent', 'Python Batch 4'),
(328, 64, 'Prasanna', '9791743280', '2025-07-17', 'Absent', 'Python Batch 4'),
(329, 63, 'Keith', '6382120727', '2025-07-17', 'Absent', 'Python Batch 4'),
(330, 62, 'vishwa', '6369503460', '2025-07-17', 'Present', 'Python Batch 4'),
(331, 61, 'Tharun', '9171524503', '2025-07-17', 'Absent', 'Python Batch 4'),
(332, 60, 'Kowsalya', '9790759716', '2025-07-17', 'Present', 'Python Batch 4'),
(333, 59, 'Suresh', '95664 33593', '2025-07-17', 'Absent', 'Python Batch 4'),
(334, 80, 'Ram prabhu', '9790450597', '2025-07-17', 'Present', 'Python Batch 5'),
(335, 79, 'Raguraman', '9159814922', '2025-07-17', 'Present', 'Python Batch 5'),
(336, 78, 'thiyagu', '7010809761', '2025-07-17', 'Absent', 'Python Batch 5'),
(337, 77, 'desappriyan', '8695513113', '2025-07-17', 'Absent', 'Python Batch 5'),
(338, 75, 'Bathri Nath', '8056713494', '2025-07-17', 'Present', 'Python Batch 5'),
(339, 38, 'Ramkumar', '9514936179', '2025-07-17', 'Present', 'Oracle Batch 10'),
(340, 37, 'Dharmaraj', '8098878795', '2025-07-17', 'Absent', 'Oracle Batch 10'),
(341, 36, 'Prasanth', '9080483113', '2025-07-17', 'Present', 'Oracle Batch 10'),
(342, 35, 'Aravind', '9486052202', '2025-07-17', 'Present', 'Oracle Batch 10'),
(343, 34, 'Sathish', '7904675149', '2025-07-17', 'Present', 'Oracle Batch 10'),
(344, 33, 'Deepanjali', '6379564830', '2025-07-17', 'Absent', 'Oracle Batch 10'),
(345, 32, 'Naveen Kumar', '8825844973', '2025-07-17', 'Present', 'Oracle Batch 10'),
(346, 31, 'krishna kumar', '6369039460', '2025-07-17', 'Present', 'Oracle Batch 10'),
(347, 30, 'Arathy', '9809430258', '2025-07-17', 'Absent', 'Oracle Batch 10'),
(348, 29, 'Rathinavel', '8248594356', '2025-07-17', 'Absent', 'Oracle Batch 10'),
(349, 28, 'Mohandoss R', '8883444971', '2025-07-17', 'Absent', 'Oracle Batch 10'),
(350, 27, 'Deepashalini Palamalai ', '7418293964', '2025-07-17', 'Present', 'Oracle Batch 10'),
(351, 26, 'Mathivathanan', '9976933742', '2025-07-17', 'Present', 'Oracle Batch 10'),
(352, 24, 'Deepak Roshan v', '6381939295', '2025-07-17', 'Present', 'Oracle Batch 10'),
(353, 23, 'Surya ', '8300975729', '2025-07-17', 'Absent', 'Oracle Batch 10'),
(354, 89, 'sanjeev', '9884934005', '2025-07-17', 'Present', 'Python Batch 6'),
(355, 88, 'Praveen kumar', '6380510544', '2025-07-17', 'Present', 'Python Batch 6'),
(356, 87, 'Meialagar', '9994077580', '2025-07-17', 'Present', 'Python Batch 6'),
(357, 86, 'Yuvaraj', '6383330509', '2025-07-17', 'Absent', 'Python Batch 6'),
(358, 85, 'Srinivasan', '6383136779', '2025-07-17', 'Present', 'Python Batch 6'),
(359, 84, 'Pratheep', '6381179227', '2025-07-17', 'Present', 'Python Batch 6'),
(360, 83, 'Priya Dharshini', '9342879381', '2025-07-17', 'Absent', 'Python Batch 6'),
(361, 82, 'Parimala', '9791977193', '2025-07-17', 'Present', 'Python Batch 6'),
(362, 81, 'Raja Mohamad', '7010963769', '2025-07-17', 'Absent', 'Python Batch 6'),
(363, 22, 'Chandrika', '7867846794', '2025-07-17', 'Present', 'Oracle Batch 9'),
(364, 20, 'Tharani', '7339643917', '2025-07-17', 'Present', 'Oracle Batch 9'),
(365, 19, 'ARULSELVI K', '8110997716', '2025-07-17', 'Present', 'Oracle Batch 9'),
(366, 18, 'MANIKANDAN', '9344226932', '2025-07-17', 'Present', 'Oracle Batch 9'),
(367, 98, 'Suriya', '8270085401', '2025-07-18', 'Present', 'Python Batch 7'),
(368, 97, 'Vembu', '95669 75342', '2025-07-18', 'Present', 'Python Batch 7'),
(369, 96, 'Angel Mercy', '7092419645', '2025-07-18', 'Present', 'Python Batch 7'),
(370, 95, 'Sabarish PS', '9841990413', '2025-07-18', 'Absent', 'Python Batch 7'),
(371, 94, 'Amarish', '7708457086', '2025-07-18', 'Present', 'Python Batch 7'),
(372, 93, 'Charan', '8179261977', '2025-07-18', 'Present', 'Python Batch 7'),
(373, 92, 'Priyan', '9698986488', '2025-07-18', 'Present', 'Python Batch 7'),
(374, 91, 'Vishnu', '9176071577', '2025-07-18', 'Absent', 'Python Batch 7'),
(375, 90, 'Bharath B', '6381199263', '2025-07-18', 'Present', 'Python Batch 7'),
(376, 80, 'Ram prabhu', '9790450597', '2025-07-18', 'Present', 'Python Batch 5'),
(377, 79, 'Raguraman', '9159814922', '2025-07-18', 'Absent', 'Python Batch 5'),
(378, 78, 'thiyagu', '7010809761', '2025-07-18', 'Present', 'Python Batch 5'),
(379, 77, 'desappriyan', '8695513113', '2025-07-18', 'Absent', 'Python Batch 5'),
(380, 75, 'Bathri Nath', '8056713494', '2025-07-18', 'Present', 'Python Batch 5'),
(381, 74, 'Russo', '8667384036', '2025-07-18', 'Present', 'Python Batch 4'),
(382, 70, 'Aarthy', '8838555658', '2025-07-18', 'Present', 'Python Batch 4'),
(383, 69, 'Irshad', '9789261630', '2025-07-18', 'Present', 'Python Batch 4'),
(384, 68, 'Mithun', '8892082422', '2025-07-18', 'Absent', 'Python Batch 4'),
(385, 67, 'Dilip ', '9345320359', '2025-07-18', 'Absent', 'Python Batch 4'),
(386, 66, 'Divya', '6379769668', '2025-07-18', 'Absent', 'Python Batch 4'),
(387, 65, 'Ayyanar', '9655864785', '2025-07-18', 'Absent', 'Python Batch 4'),
(388, 64, 'Prasanna', '9791743280', '2025-07-18', 'Absent', 'Python Batch 4'),
(389, 63, 'Keith', '6382120727', '2025-07-18', 'Absent', 'Python Batch 4'),
(390, 62, 'vishwa', '6369503460', '2025-07-18', 'Present', 'Python Batch 4'),
(391, 61, 'Tharun', '9171524503', '2025-07-18', 'Absent', 'Python Batch 4'),
(392, 60, 'Kowsalya', '9790759716', '2025-07-18', 'Present', 'Python Batch 4'),
(393, 59, 'Suresh', '95664 33593', '2025-07-18', 'Present', 'Python Batch 4'),
(394, 89, 'sanjeev', '9884934005', '2025-07-18', 'Present', 'Python Batch 6'),
(395, 88, 'Praveen kumar', '6380510544', '2025-07-18', 'Present', 'Python Batch 6'),
(396, 87, 'Meialagar', '9994077580', '2025-07-18', 'Present', 'Python Batch 6'),
(397, 86, 'Yuvaraj', '6383330509', '2025-07-18', 'Absent', 'Python Batch 6'),
(398, 85, 'Srinivasan', '6383136779', '2025-07-18', 'Present', 'Python Batch 6'),
(399, 84, 'Pratheep', '6381179227', '2025-07-18', 'Present', 'Python Batch 6'),
(400, 83, 'Priya Dharshini', '9342879381', '2025-07-18', 'Absent', 'Python Batch 6'),
(401, 82, 'Parimala', '9791977193', '2025-07-18', 'Present', 'Python Batch 6'),
(402, 81, 'Raja Mohamad', '7010963769', '2025-07-18', 'Present', 'Python Batch 6'),
(403, 22, 'Chandrika', '7867846794', '2025-07-18', 'Present', 'Oracle Batch 9'),
(404, 20, 'Tharani', '7339643917', '2025-07-18', 'Present', 'Oracle Batch 9'),
(405, 19, 'ARULSELVI K', '8110997716', '2025-07-18', 'Present', 'Oracle Batch 9'),
(406, 18, 'MANIKANDAN', '9344226932', '2025-07-18', 'Present', 'Oracle Batch 9'),
(407, 98, 'Suriya', '8270085401', '2025-07-19', 'Present', 'Python Batch 7'),
(408, 97, 'Vembu', '95669 75342', '2025-07-19', 'Present', 'Python Batch 7'),
(409, 96, 'Angel Mercy', '7092419645', '2025-07-19', 'Absent', 'Python Batch 7'),
(410, 95, 'Sabarish PS', '9841990413', '2025-07-19', 'Absent', 'Python Batch 7'),
(411, 94, 'Amarish', '7708457086', '2025-07-19', 'Present', 'Python Batch 7'),
(412, 93, 'Charan', '8179261977', '2025-07-19', 'Present', 'Python Batch 7'),
(413, 92, 'Priyan', '9698986488', '2025-07-19', 'Present', 'Python Batch 7'),
(414, 91, 'Vishnu', '9176071577', '2025-07-19', 'Absent', 'Python Batch 7'),
(415, 90, 'Bharath B', '6381199263', '2025-07-19', 'Absent', 'Python Batch 7'),
(416, 38, 'Ramkumar', '9514936179', '2025-07-19', 'Absent', 'Oracle Batch 10'),
(417, 37, 'Dharmaraj', '8098878795', '2025-07-19', 'Present', 'Oracle Batch 10'),
(418, 36, 'Prasanth', '9080483113', '2025-07-19', 'Present', 'Oracle Batch 10'),
(419, 35, 'Aravind', '9486052202', '2025-07-19', 'Present', 'Oracle Batch 10'),
(420, 34, 'Sathish', '7904675149', '2025-07-19', 'Present', 'Oracle Batch 10'),
(421, 33, 'Deepanjali', '6379564830', '2025-07-19', 'Present', 'Oracle Batch 10'),
(422, 32, 'Naveen Kumar', '8825844973', '2025-07-19', 'Present', 'Oracle Batch 10'),
(423, 31, 'krishna kumar', '6369039460', '2025-07-19', 'Absent', 'Oracle Batch 10'),
(424, 30, 'Arathy', '9809430258', '2025-07-19', 'Absent', 'Oracle Batch 10'),
(425, 29, 'Rathinavel', '8248594356', '2025-07-19', 'Absent', 'Oracle Batch 10'),
(426, 28, 'Mohandoss R', '8883444971', '2025-07-19', 'Absent', 'Oracle Batch 10'),
(427, 27, 'Deepashalini Palamalai ', '7418293964', '2025-07-19', 'Present', 'Oracle Batch 10'),
(428, 26, 'Mathivathanan', '9976933742', '2025-07-19', 'Present', 'Oracle Batch 10'),
(429, 24, 'Deepak Roshan v', '6381939295', '2025-07-19', 'Present', 'Oracle Batch 10'),
(430, 23, 'Surya ', '8300975729', '2025-07-19', 'Present', 'Oracle Batch 10'),
(431, 80, 'Ram prabhu', '9790450597', '2025-07-19', 'Present', 'Python Batch 5'),
(432, 79, 'Raguraman', '9159814922', '2025-07-19', 'Present', 'Python Batch 5'),
(433, 78, 'thiyagu', '7010809761', '2025-07-19', 'Absent', 'Python Batch 5'),
(434, 77, 'desappriyan', '8695513113', '2025-07-19', 'Absent', 'Python Batch 5'),
(435, 75, 'Bathri Nath', '8056713494', '2025-07-19', 'Present', 'Python Batch 5'),
(436, 74, 'Russo', '8667384036', '2025-07-19', 'Present', 'Python Batch 4'),
(437, 70, 'Aarthy', '8838555658', '2025-07-19', 'Present', 'Python Batch 4'),
(438, 69, 'Irshad', '9789261630', '2025-07-19', 'Present', 'Python Batch 4'),
(439, 68, 'Mithun', '8892082422', '2025-07-19', 'Absent', 'Python Batch 4'),
(440, 67, 'Dilip ', '9345320359', '2025-07-19', 'Absent', 'Python Batch 4'),
(441, 66, 'Divya', '6379769668', '2025-07-19', 'Absent', 'Python Batch 4'),
(442, 65, 'Ayyanar', '9655864785', '2025-07-19', 'Absent', 'Python Batch 4'),
(443, 64, 'Prasanna', '9791743280', '2025-07-19', 'Absent', 'Python Batch 4'),
(444, 63, 'Keith', '6382120727', '2025-07-19', 'Absent', 'Python Batch 4'),
(445, 62, 'vishwa', '6369503460', '2025-07-19', 'Present', 'Python Batch 4'),
(446, 61, 'Tharun', '9171524503', '2025-07-19', 'Absent', 'Python Batch 4'),
(447, 60, 'Kowsalya', '9790759716', '2025-07-19', 'Present', 'Python Batch 4'),
(448, 59, 'Suresh', '95664 33593', '2025-07-19', 'Present', 'Python Batch 4'),
(449, 38, 'Ramkumar', '9514936179', '2025-07-21', 'Present', 'Oracle Batch 10'),
(450, 37, 'Dharmaraj', '8098878795', '2025-07-21', 'Present', 'Oracle Batch 10'),
(451, 36, 'Prasanth', '9080483113', '2025-07-21', 'Present', 'Oracle Batch 10'),
(452, 35, 'Aravind', '9486052202', '2025-07-21', 'Present', 'Oracle Batch 10'),
(453, 34, 'Sathish', '7904675149', '2025-07-21', 'Present', 'Oracle Batch 10'),
(454, 33, 'Deepanjali', '6379564830', '2025-07-21', 'Absent', 'Oracle Batch 10'),
(455, 32, 'Naveen Kumar', '8825844973', '2025-07-21', 'Absent', 'Oracle Batch 10'),
(456, 31, 'krishna kumar', '6369039460', '2025-07-21', 'Present', 'Oracle Batch 10'),
(457, 30, 'Arathy', '9809430258', '2025-07-21', 'Absent', 'Oracle Batch 10'),
(458, 29, 'Rathinavel', '8248594356', '2025-07-21', 'Absent', 'Oracle Batch 10'),
(459, 28, 'Mohandoss R', '8883444971', '2025-07-21', 'Absent', 'Oracle Batch 10'),
(460, 27, 'Deepashalini Palamalai ', '7418293964', '2025-07-21', 'Present', 'Oracle Batch 10'),
(461, 26, 'Mathivathanan', '9976933742', '2025-07-21', 'Present', 'Oracle Batch 10'),
(462, 24, 'Deepak Roshan v', '6381939295', '2025-07-21', 'Present', 'Oracle Batch 10'),
(463, 23, 'Surya ', '8300975729', '2025-07-21', 'Present', 'Oracle Batch 10'),
(464, 89, 'sanjeev', '9884934005', '2025-07-21', 'Present', 'Python Batch 6'),
(465, 88, 'Praveen kumar', '6380510544', '2025-07-21', 'Present', 'Python Batch 6'),
(466, 87, 'Meialagar', '9994077580', '2025-07-21', 'Present', 'Python Batch 6'),
(467, 86, 'Yuvaraj', '6383330509', '2025-07-21', 'Absent', 'Python Batch 6'),
(468, 85, 'Srinivasan', '6383136779', '2025-07-21', 'Present', 'Python Batch 6'),
(469, 84, 'Pratheep', '6381179227', '2025-07-21', 'Present', 'Python Batch 6'),
(470, 83, 'Priya Dharshini', '9342879381', '2025-07-21', 'Absent', 'Python Batch 6'),
(471, 82, 'Parimala', '9791977193', '2025-07-21', 'Absent', 'Python Batch 6'),
(472, 81, 'Raja Mohamad', '7010963769', '2025-07-21', 'Absent', 'Python Batch 6'),
(473, 22, 'Chandrika', '7867846794', '2025-07-21', 'Present', 'Oracle Batch 9'),
(474, 20, 'Tharani', '7339643917', '2025-07-21', 'Absent', 'Oracle Batch 9'),
(475, 19, 'ARULSELVI K', '8110997716', '2025-07-21', 'Present', 'Oracle Batch 9'),
(476, 18, 'MANIKANDAN', '9344226932', '2025-07-21', 'Present', 'Oracle Batch 9'),
(477, 98, 'Suriya', '8270085401', '2025-07-22', 'Present', 'Python Batch 7'),
(478, 97, 'Vembu', '95669 75342', '2025-07-22', 'Present', 'Python Batch 7'),
(479, 96, 'Angel Mercy', '7092419645', '2025-07-22', 'Present', 'Python Batch 7'),
(480, 95, 'Sabarish PS', '9841990413', '2025-07-22', 'Absent', 'Python Batch 7'),
(481, 94, 'Amarish', '7708457086', '2025-07-22', 'Present', 'Python Batch 7'),
(482, 93, 'Charan', '8179261977', '2025-07-22', 'Present', 'Python Batch 7'),
(483, 92, 'Priyan', '9698986488', '2025-07-22', 'Present', 'Python Batch 7'),
(484, 91, 'Vishnu', '9176071577', '2025-07-22', 'Absent', 'Python Batch 7'),
(485, 90, 'Bharath B', '6381199263', '2025-07-22', 'Absent', 'Python Batch 7'),
(486, 38, 'Ramkumar', '9514936179', '2025-07-22', 'Absent', 'Oracle Batch 10'),
(487, 37, 'Dharmaraj', '8098878795', '2025-07-22', 'Present', 'Oracle Batch 10'),
(488, 36, 'Prasanth', '9080483113', '2025-07-22', 'Absent', 'Oracle Batch 10'),
(489, 35, 'Aravind', '9486052202', '2025-07-22', 'Present', 'Oracle Batch 10'),
(490, 34, 'Sathish', '7904675149', '2025-07-22', 'Present', 'Oracle Batch 10'),
(491, 33, 'Deepanjali', '6379564830', '2025-07-22', 'Absent', 'Oracle Batch 10'),
(492, 32, 'Naveen Kumar', '8825844973', '2025-07-22', 'Absent', 'Oracle Batch 10'),
(493, 31, 'krishna kumar', '6369039460', '2025-07-22', 'Present', 'Oracle Batch 10'),
(494, 30, 'Arathy', '9809430258', '2025-07-22', 'Absent', 'Oracle Batch 10'),
(495, 29, 'Rathinavel', '8248594356', '2025-07-22', 'Absent', 'Oracle Batch 10'),
(496, 28, 'Mohandoss R', '8883444971', '2025-07-22', 'Present', 'Oracle Batch 10'),
(497, 27, 'Deepashalini Palamalai ', '7418293964', '2025-07-22', 'Present', 'Oracle Batch 10'),
(498, 26, 'Mathivathanan', '9976933742', '2025-07-22', 'Present', 'Oracle Batch 10'),
(499, 24, 'Deepak Roshan v', '6381939295', '2025-07-22', 'Present', 'Oracle Batch 10'),
(500, 23, 'Surya ', '8300975729', '2025-07-22', 'Present', 'Oracle Batch 10'),
(501, 80, 'Ram prabhu', '9790450597', '2025-07-22', 'Present', 'Python Batch 5'),
(502, 79, 'Raguraman', '9159814922', '2025-07-22', 'Present', 'Python Batch 5'),
(503, 78, 'thiyagu', '7010809761', '2025-07-22', 'Present', 'Python Batch 5'),
(504, 77, 'desappriyan', '8695513113', '2025-07-22', 'Absent', 'Python Batch 5'),
(505, 75, 'Bathri Nath', '8056713494', '2025-07-22', 'Absent', 'Python Batch 5'),
(506, 74, 'Russo', '8667384036', '2025-07-22', 'Present', 'Python Batch 4'),
(507, 70, 'Aarthy', '8838555658', '2025-07-22', 'Present', 'Python Batch 4'),
(508, 69, 'Irshad', '9789261630', '2025-07-22', 'Present', 'Python Batch 4'),
(509, 68, 'Mithun', '8892082422', '2025-07-22', 'Absent', 'Python Batch 4'),
(510, 67, 'Dilip ', '9345320359', '2025-07-22', 'Absent', 'Python Batch 4'),
(511, 66, 'Divya', '6379769668', '2025-07-22', 'Absent', 'Python Batch 4'),
(512, 65, 'Ayyanar', '9655864785', '2025-07-22', 'Absent', 'Python Batch 4'),
(513, 64, 'Prasanna', '9791743280', '2025-07-22', 'Absent', 'Python Batch 4'),
(514, 63, 'Keith', '6382120727', '2025-07-22', 'Absent', 'Python Batch 4'),
(515, 62, 'vishwa', '6369503460', '2025-07-22', 'Absent', 'Python Batch 4'),
(516, 61, 'Tharun', '9171524503', '2025-07-22', 'Absent', 'Python Batch 4'),
(517, 60, 'Kowsalya', '9790759716', '2025-07-22', 'Present', 'Python Batch 4'),
(518, 59, 'Suresh', '95664 33593', '2025-07-22', 'Present', 'Python Batch 4'),
(519, 89, 'sanjeev', '9884934005', '2025-07-22', 'Present', 'Python Batch 6'),
(520, 88, 'Praveen kumar', '6380510544', '2025-07-22', 'Present', 'Python Batch 6'),
(521, 87, 'Meialagar', '9994077580', '2025-07-22', 'Present', 'Python Batch 6'),
(522, 86, 'Yuvaraj', '6383330509', '2025-07-22', 'Absent', 'Python Batch 6'),
(523, 85, 'Srinivasan', '6383136779', '2025-07-22', 'Present', 'Python Batch 6'),
(524, 84, 'Pratheep', '6381179227', '2025-07-22', 'Present', 'Python Batch 6'),
(525, 83, 'Priya Dharshini', '9342879381', '2025-07-22', 'Absent', 'Python Batch 6'),
(526, 82, 'Parimala', '9791977193', '2025-07-22', 'Present', 'Python Batch 6'),
(527, 81, 'Raja Mohamad', '7010963769', '2025-07-22', 'Present', 'Python Batch 6'),
(528, 22, 'Chandrika', '7867846794', '2025-07-22', 'Present', 'Oracle Batch 9'),
(529, 20, 'Tharani', '7339643917', '2025-07-22', 'Present', 'Oracle Batch 9'),
(530, 19, 'ARULSELVI K', '8110997716', '2025-07-22', 'Present', 'Oracle Batch 9'),
(531, 18, 'MANIKANDAN', '9344226932', '2025-07-22', 'Present', 'Oracle Batch 9'),
(532, 98, 'Suriya', '8270085401', '2025-07-24', 'Present', 'Python Batch 7'),
(533, 97, 'Vembu', '95669 75342', '2025-07-24', 'Present', 'Python Batch 7'),
(534, 96, 'Angel Mercy', '7092419645', '2025-07-24', 'Present', 'Python Batch 7'),
(535, 95, 'Sabarish PS', '9841990413', '2025-07-24', 'Absent', 'Python Batch 7'),
(536, 94, 'Amarish', '7708457086', '2025-07-24', 'Present', 'Python Batch 7'),
(537, 93, 'Charan', '8179261977', '2025-07-24', 'Present', 'Python Batch 7'),
(538, 92, 'Priyan', '9698986488', '2025-07-24', 'Present', 'Python Batch 7'),
(539, 91, 'Vishnu', '9176071577', '2025-07-24', 'Absent', 'Python Batch 7'),
(540, 90, 'Bharath B', '6381199263', '2025-07-24', 'Present', 'Python Batch 7'),
(541, 38, 'Ramkumar', '9514936179', '2025-07-24', 'Absent', 'Oracle Batch 10'),
(542, 37, 'Dharmaraj', '8098878795', '2025-07-24', 'Absent', 'Oracle Batch 10'),
(543, 36, 'Prasanth', '9080483113', '2025-07-24', 'Present', 'Oracle Batch 10'),
(544, 35, 'Aravind', '9486052202', '2025-07-24', 'Present', 'Oracle Batch 10'),
(545, 34, 'Sathish', '7904675149', '2025-07-24', 'Present', 'Oracle Batch 10'),
(546, 33, 'Deepanjali', '6379564830', '2025-07-24', 'Absent', 'Oracle Batch 10'),
(547, 32, 'Naveen Kumar', '8825844973', '2025-07-24', 'Absent', 'Oracle Batch 10'),
(548, 31, 'krishna kumar', '6369039460', '2025-07-24', 'Present', 'Oracle Batch 10'),
(549, 30, 'Arathy', '9809430258', '2025-07-24', 'Absent', 'Oracle Batch 10'),
(550, 29, 'Rathinavel', '8248594356', '2025-07-24', 'Present', 'Oracle Batch 10'),
(551, 28, 'Mohandoss R', '8883444971', '2025-07-24', 'Present', 'Oracle Batch 10'),
(552, 27, 'Deepashalini Palamalai ', '7418293964', '2025-07-24', 'Present', 'Oracle Batch 10'),
(553, 26, 'Mathivathanan', '9976933742', '2025-07-24', 'Present', 'Oracle Batch 10'),
(554, 24, 'Deepak Roshan v', '6381939295', '2025-07-24', 'Present', 'Oracle Batch 10'),
(555, 23, 'Surya ', '8300975729', '2025-07-24', 'Present', 'Oracle Batch 10'),
(556, 22, 'Chandrika', '7867846794', '2025-07-24', 'Present', 'Oracle Batch 9'),
(557, 20, 'Tharani', '7339643917', '2025-07-24', 'Present', 'Oracle Batch 9'),
(558, 19, 'ARULSELVI K', '8110997716', '2025-07-24', 'Present', 'Oracle Batch 9'),
(559, 18, 'MANIKANDAN', '9344226932', '2025-07-24', 'Present', 'Oracle Batch 9'),
(560, 80, 'Ram prabhu', '9790450597', '2025-07-25', 'Present', 'Python Batch 5'),
(561, 79, 'Raguraman', '9159814922', '2025-07-25', 'Present', 'Python Batch 5'),
(562, 78, 'thiyagu', '7010809761', '2025-07-25', 'Absent', 'Python Batch 5'),
(563, 77, 'desappriyan', '8695513113', '2025-07-25', 'Absent', 'Python Batch 5'),
(564, 75, 'Bathri Nath', '8056713494', '2025-07-25', 'Absent', 'Python Batch 5'),
(565, 74, 'Russo', '8667384036', '2025-07-25', 'Present', 'Python Batch 4'),
(566, 70, 'Aarthy', '8838555658', '2025-07-25', 'Present', 'Python Batch 4'),
(567, 69, 'Irshad', '9789261630', '2025-07-25', 'Present', 'Python Batch 4'),
(568, 68, 'Mithun', '8892082422', '2025-07-25', 'Absent', 'Python Batch 4'),
(569, 67, 'Dilip ', '9345320359', '2025-07-25', 'Absent', 'Python Batch 4'),
(570, 66, 'Divya', '6379769668', '2025-07-25', 'Absent', 'Python Batch 4'),
(571, 65, 'Ayyanar', '9655864785', '2025-07-25', 'Absent', 'Python Batch 4'),
(572, 64, 'Prasanna', '9791743280', '2025-07-25', 'Absent', 'Python Batch 4'),
(573, 63, 'Keith', '6382120727', '2025-07-25', 'Absent', 'Python Batch 4'),
(574, 62, 'vishwa', '6369503460', '2025-07-25', 'Present', 'Python Batch 4'),
(575, 61, 'Tharun', '9171524503', '2025-07-25', 'Absent', 'Python Batch 4'),
(576, 60, 'Kowsalya', '9790759716', '2025-07-25', 'Present', 'Python Batch 4'),
(577, 59, 'Suresh', '95664 33593', '2025-07-25', 'Present', 'Python Batch 4'),
(578, 38, 'Ramkumar', '9514936179', '2025-07-25', 'Absent', 'Oracle Batch 10'),
(579, 37, 'Dharmaraj', '8098878795', '2025-07-25', 'Present', 'Oracle Batch 10'),
(580, 36, 'Prasanth', '9080483113', '2025-07-25', 'Present', 'Oracle Batch 10'),
(581, 35, 'Aravind', '9486052202', '2025-07-25', 'Present', 'Oracle Batch 10'),
(582, 34, 'Sathish', '7904675149', '2025-07-25', 'Present', 'Oracle Batch 10'),
(583, 33, 'Deepanjali', '6379564830', '2025-07-25', 'Absent', 'Oracle Batch 10'),
(584, 32, 'Naveen Kumar', '8825844973', '2025-07-25', 'Absent', 'Oracle Batch 10'),
(585, 31, 'krishna kumar', '6369039460', '2025-07-25', 'Present', 'Oracle Batch 10'),
(586, 30, 'Arathy', '9809430258', '2025-07-25', 'Absent', 'Oracle Batch 10'),
(587, 29, 'Rathinavel', '8248594356', '2025-07-25', 'Absent', 'Oracle Batch 10'),
(588, 28, 'Mohandoss R', '8883444971', '2025-07-25', 'Present', 'Oracle Batch 10'),
(589, 27, 'Deepashalini Palamalai ', '7418293964', '2025-07-25', 'Present', 'Oracle Batch 10'),
(590, 26, 'Mathivathanan', '9976933742', '2025-07-25', 'Present', 'Oracle Batch 10'),
(591, 24, 'Deepak Roshan v', '6381939295', '2025-07-25', 'Absent', 'Oracle Batch 10'),
(592, 23, 'Surya ', '8300975729', '2025-07-25', 'Present', 'Oracle Batch 10'),
(593, 89, 'sanjeev', '9884934005', '2025-07-25', 'Present', 'Python Batch 6'),
(594, 88, 'Praveen kumar', '6380510544', '2025-07-25', 'Present', 'Python Batch 6'),
(595, 87, 'Meialagar', '9994077580', '2025-07-25', 'Present', 'Python Batch 6'),
(596, 86, 'Yuvaraj', '6383330509', '2025-07-25', 'Absent', 'Python Batch 6'),
(597, 85, 'Srinivasan', '6383136779', '2025-07-25', 'Present', 'Python Batch 6'),
(598, 84, 'Pratheep', '6381179227', '2025-07-25', 'Present', 'Python Batch 6'),
(599, 83, 'Priya Dharshini', '9342879381', '2025-07-25', 'Absent', 'Python Batch 6'),
(600, 82, 'Parimala', '9791977193', '2025-07-25', 'Present', 'Python Batch 6'),
(601, 81, 'Raja Mohamad', '7010963769', '2025-07-25', 'Present', 'Python Batch 6'),
(602, 98, 'Suriya', '8270085401', '2025-07-28', 'Present', 'Python Batch 7'),
(603, 97, 'Vembu', '95669 75342', '2025-07-28', 'Present', 'Python Batch 7'),
(604, 96, 'Angel Mercy', '7092419645', '2025-07-28', 'Present', 'Python Batch 7'),
(605, 95, 'Sabarish PS', '9841990413', '2025-07-28', 'Absent', 'Python Batch 7'),
(606, 94, 'Amarish', '7708457086', '2025-07-28', 'Present', 'Python Batch 7'),
(607, 93, 'Charan', '8179261977', '2025-07-28', 'Present', 'Python Batch 7'),
(608, 92, 'Priyan', '9698986488', '2025-07-28', 'Present', 'Python Batch 7'),
(609, 91, 'Vishnu', '9176071577', '2025-07-28', 'Absent', 'Python Batch 7'),
(610, 90, 'Bharath B', '6381199263', '2025-07-28', 'Absent', 'Python Batch 7'),
(611, 80, 'Ram prabhu', '9790450597', '2025-07-28', 'Present', 'Python Batch 5'),
(612, 79, 'Raguraman', '9159814922', '2025-07-28', 'Present', 'Python Batch 5'),
(613, 78, 'thiyagu', '7010809761', '2025-07-28', 'Absent', 'Python Batch 5'),
(614, 77, 'desappriyan', '8695513113', '2025-07-28', 'Absent', 'Python Batch 5'),
(615, 75, 'Bathri Nath', '8056713494', '2025-07-28', 'Absent', 'Python Batch 5'),
(616, 22, 'Chandrika', '7867846794', '2025-07-28', 'Absent', 'Oracle Batch 9'),
(617, 20, 'Tharani', '7339643917', '2025-07-28', 'Present', 'Oracle Batch 9'),
(618, 19, 'ARULSELVI K', '8110997716', '2025-07-28', 'Present', 'Oracle Batch 9'),
(619, 18, 'MANIKANDAN', '9344226932', '2025-07-28', 'Present', 'Oracle Batch 9'),
(620, 22, 'Chandrika', '7867846794', '2025-07-29', 'Present', 'Oracle Batch 9'),
(621, 20, 'Tharani', '7339643917', '2025-07-29', 'Present', 'Oracle Batch 9'),
(622, 19, 'ARULSELVI K', '8110997716', '2025-07-29', 'Present', 'Oracle Batch 9'),
(623, 18, 'MANIKANDAN', '9344226932', '2025-07-29', 'Present', 'Oracle Batch 9'),
(624, 98, 'Suriya', '8270085401', '2025-07-29', 'Present', 'Python Batch 7'),
(625, 97, 'Vembu', '95669 75342', '2025-07-29', 'Present', 'Python Batch 7'),
(626, 96, 'Angel Mercy', '7092419645', '2025-07-29', 'Present', 'Python Batch 7'),
(627, 95, 'Sabarish PS', '9841990413', '2025-07-29', 'Absent', 'Python Batch 7'),
(628, 94, 'Amarish', '7708457086', '2025-07-29', 'Present', 'Python Batch 7'),
(629, 93, 'Charan', '8179261977', '2025-07-29', 'Present', 'Python Batch 7'),
(630, 92, 'Priyan', '9698986488', '2025-07-29', 'Present', 'Python Batch 7'),
(631, 91, 'Vishnu', '9176071577', '2025-07-29', 'Absent', 'Python Batch 7'),
(632, 90, 'Bharath B', '6381199263', '2025-07-29', 'Present', 'Python Batch 7'),
(633, 89, 'sanjeev', '9884934005', '2025-07-29', 'Present', 'Python Batch 6'),
(634, 88, 'Praveen kumar', '6380510544', '2025-07-29', 'Absent', 'Python Batch 6'),
(635, 87, 'Meialagar', '9994077580', '2025-07-29', 'Present', 'Python Batch 6'),
(636, 86, 'Yuvaraj', '6383330509', '2025-07-29', 'Present', 'Python Batch 6'),
(637, 85, 'Srinivasan', '6383136779', '2025-07-29', 'Present', 'Python Batch 6'),
(638, 84, 'Pratheep', '6381179227', '2025-07-29', 'Present', 'Python Batch 6'),
(639, 83, 'Priya Dharshini', '9342879381', '2025-07-29', 'Absent', 'Python Batch 6'),
(640, 82, 'Parimala', '9791977193', '2025-07-29', 'Present', 'Python Batch 6'),
(641, 81, 'Raja Mohamad', '7010963769', '2025-07-29', 'Absent', 'Python Batch 6'),
(642, 80, 'Ram prabhu', '9790450597', '2025-07-29', 'Present', 'Python Batch 5'),
(643, 79, 'Raguraman', '9159814922', '2025-07-29', 'Present', 'Python Batch 5'),
(644, 78, 'thiyagu', '7010809761', '2025-07-29', 'Absent', 'Python Batch 5'),
(645, 77, 'desappriyan', '8695513113', '2025-07-29', 'Absent', 'Python Batch 5'),
(646, 75, 'Bathri Nath', '8056713494', '2025-07-29', 'Absent', 'Python Batch 5'),
(647, 74, 'Russo', '8667384036', '2025-07-29', 'Present', 'Python Batch 4'),
(648, 70, 'Aarthy', '8838555658', '2025-07-29', 'Present', 'Python Batch 4'),
(649, 69, 'Irshad', '9789261630', '2025-07-29', 'Present', 'Python Batch 4'),
(650, 68, 'Mithun', '8892082422', '2025-07-29', 'Absent', 'Python Batch 4');
INSERT INTO `attendance` (`id`, `student_id`, `student_name`, `mobile`, `date`, `status`, `class_name`) VALUES
(651, 67, 'Dilip ', '9345320359', '2025-07-29', 'Absent', 'Python Batch 4'),
(652, 66, 'Divya', '6379769668', '2025-07-29', 'Absent', 'Python Batch 4'),
(653, 65, 'Ayyanar', '9655864785', '2025-07-29', 'Absent', 'Python Batch 4'),
(654, 64, 'Prasanna', '9791743280', '2025-07-29', 'Absent', 'Python Batch 4'),
(655, 63, 'Keith', '6382120727', '2025-07-29', 'Absent', 'Python Batch 4'),
(656, 62, 'vishwa', '6369503460', '2025-07-29', 'Present', 'Python Batch 4'),
(657, 61, 'Tharun', '9171524503', '2025-07-29', 'Absent', 'Python Batch 4'),
(658, 60, 'Kowsalya', '9790759716', '2025-07-29', 'Present', 'Python Batch 4'),
(659, 59, 'Suresh', '95664 33593', '2025-07-29', 'Present', 'Python Batch 4');

-- --------------------------------------------------------

--
-- Table structure for table `category`
--

CREATE TABLE `category` (
  `id` int(200) NOT NULL,
  `c_id` varchar(200) NOT NULL,
  `category` varchar(200) NOT NULL,
  `image` varchar(200) NOT NULL
) ENGINE=InnoDB DEFAULT CHARSET=utf8mb4 COLLATE=utf8mb4_general_ci;

--
-- Dumping data for table `category`
--

INSERT INTO `category` (`id`, `c_id`, `category`, `image`) VALUES
(42, 'category_2', 'Oracle', ''),
(43, 'category_2', 'Python', '');

-- --------------------------------------------------------

--
-- Table structure for table `products`
--

CREATE TABLE `products` (
  `id` int(11) NOT NULL,
  `course` varchar(50) NOT NULL,
  `batch_number` int(11) NOT NULL,
  `class_name` varchar(200) NOT NULL,
  `class_time` varchar(50) NOT NULL,
  `start_date` varchar(50) NOT NULL,
  `date_time` timestamp NOT NULL DEFAULT current_timestamp() ON UPDATE current_timestamp(),
  `end_date` varchar(50) NOT NULL,
  `whatsappLink` varchar(300) NOT NULL,
  `description` text NOT NULL
) ENGINE=InnoDB DEFAULT CHARSET=utf8mb4 COLLATE=utf8mb4_general_ci;

--
-- Dumping data for table `products`
--

INSERT INTO `products` (`id`, `course`, `batch_number`, `class_name`, `class_time`, `start_date`, `date_time`, `end_date`, `whatsappLink`, `description`) VALUES
(14, 'Oracle', 1, 'Oracle Batch 1', '10:00 AM', '2025-01-07', '2025-07-11 09:58:03', '2025-02-03', 'https://chat.whatsapp.com/KKDnk3nM9JyLOskG4zxWaB', 'Change Whatsapp Group Link. Admin - Kiruba'),
(15, 'Oracle', 2, 'Oracle Batch 2', '7:00 PM', '2025-01-07', '2025-07-08 03:55:24', '2025-04-01', 'https://chat.whatsapp.com/HDCQaaoPP1ZFs4wqwoLw4d', ''),
(16, 'Oracle', 3, 'Oracle Batch 3', '6:00 PM', '2025-01-07', '2025-07-11 09:56:17', '2025-02-05', 'https://chat.whatsapp.com/KQ5pLjxCYNA4QwBWshUs5d', 'Change Whatsapp Group Link. Admin - Magesh anna'),
(17, 'Oracle', 4, 'Oracle Batch 4', '7:30 PM', '2025-01-20', '2025-07-11 09:55:22', '2025-03-20', 'https://chat.whatsapp.com/KKDnk3nM9JyLOskG4zxWaB', 'Change Whatsapp Group Link. Admin - Kiruba'),
(18, 'Oracle', 5, 'Oracle Batch 5', '12:00 PM', '2025-01-30', '2025-07-11 09:49:57', '2025-04-30', 'https://chat.whatsapp.com/CoANoIh1jcw9d8Z29lM6KB', ''),
(19, 'Oracle', 6, 'Oracle Batch 6', '1:00 PM', '2025-02-26', '2025-07-11 09:53:35', '2025-05-14', 'https://chat.whatsapp.com/CXBVYWZ87VgFau30Jbfts6', ''),
(20, 'Oracle', 7, 'Oracle Batch 7', '6:00 PM', '2025-02-27', '2025-07-08 04:09:13', '2025-06-12', 'https://chat.whatsapp.com/CoaoOTvoVf18gGOzaWWhiJ', ''),
(21, 'Oracle', 8, 'Oracle Batch 8', '8:30 PM', '2025-03-12', '2025-07-11 09:39:44', '2025-06-20', 'https://chat.whatsapp.com/BI6p4DJra5oDTU4G9Dmgxf', 'Oracle Batch 8 & 9 Same Whatsapp Group. '),
(22, 'Oracle', 9, 'Oracle Batch 9', '8:30 PM', '2025-04-10', '2025-07-11 09:39:27', '', 'https://chat.whatsapp.com/BI6p4DJra5oDTU4G9Dmgxf', 'Oracle Batch 8 & 9 Same whatsapp group.'),
(23, 'Oracle', 10, 'Oracle Batch 10', '12:00 PM', '2025-04-15', '2025-07-11 09:39:11', '', 'https://chat.whatsapp.com/HJQcqIb1FKP6OezEOI5sBW', ''),
(24, 'Oracle', 11, 'Oracle Batch 11', '2:00 PM', '2025-05-14', '2025-07-08 04:24:37', '2025-06-24', 'https://chat.whatsapp.com/Dy3U5kJOFy253CYhXmwPjo', 'Add Oracle Batch 12 - 10AM. '),
(25, 'Oracle', 12, 'Oracle Batch 12', '10:00 AM', '2025-06-11', '2025-07-08 04:25:36', '', 'https://chat.whatsapp.com/Kak6WL1SGjo9GUEMIlSivP', ''),
(26, 'Python', 1, 'Python Batch 1', '10:00 AM', '2025-01-07', '2025-07-11 10:03:46', '2025-04-24', 'https://chat.whatsapp.com/KKDnk3nM9JyLOskG4zxWaB', 'Change Whatsapp Group Link. Admin - magesh anna'),
(27, 'Python', 2, 'Python Batch 2', '5:00 PM', '2025-01-20', '2025-07-11 10:02:41', '2025-05-27', 'https://chat.whatsapp.com/KKDnk3nM9JyLOskG4zxWaB', 'Change Whatsapp Group Link. Admin - Skillfortz'),
(28, 'Python', 3, 'Python Batch 3', '10:00 AM', '2025-02-17', '2025-07-08 06:02:16', '2025-06-03', 'https://chat.whatsapp.com/FpmNwsIyl1E2VQ6YxY0r8c', ''),
(29, 'Python', 4, 'Python Batch 4', '11:00 AM', '2025-04-02', '2025-07-08 06:03:26', '', 'https://chat.whatsapp.com/CdBer0LJqJG6OEUpZBcdTY', ''),
(30, 'Python', 5, 'Python Batch 5', '11:00 AM', '2025-04-15', '2025-07-08 06:11:16', '', 'https://chat.whatsapp.com/CoANoIh1jcw9d8Z29lM6KB', 'Python Batch 5 Start at 7.30. After add this 11 am Python Batch 4'),
(31, 'Python', 6, 'Python Batch 6', '6:00 PM', '2025-05-12', '2025-07-08 06:13:21', '', 'https://chat.whatsapp.com/IuFMRo0gG99AhF2PRCzwLb', 'First Batch time is 5 PM. Then After Cunduct 6 PM'),
(32, 'Python', 7, 'Python Batch 7', '10:00 AM', '2025-06-03', '2025-07-11 09:59:58', '', 'https://chat.whatsapp.com/JfkdzuG0KYALH1mAuh8pq7', ''),
(33, 'java', 1, 'java Batch 1', '10:00 AM', '2025-07-10', '2025-07-10 03:21:47', '', 'https://chat.whatsapp.com/J7Y5N9qTkcxLWEh8m6pW3a', ''),
(34, 'Oracle', 13, 'Oracle Batch 13', '7:00 PM', '2025-07-17', '2025-07-18 11:46:19', '', 'https://chat.whatsapp.com/G7JVkD0FLJOBAh2TRwJyFd', '');

-- --------------------------------------------------------

--
-- Table structure for table `student`
--

CREATE TABLE `student` (
  `id` int(11) NOT NULL,
  `studentId` varchar(200) NOT NULL,
  `studentName` varchar(200) NOT NULL,
  `mobile` varchar(200) NOT NULL,
  `gmail` varchar(200) NOT NULL,
  `referBy` varchar(200) NOT NULL,
  `description` text NOT NULL,
  `course` varchar(200) NOT NULL,
  `class_name` varchar(200) NOT NULL,
  `class_time` varchar(200) NOT NULL,
  `start_date` varchar(200) NOT NULL,
  `whatsappLink` varchar(200) NOT NULL,
  `date` timestamp NOT NULL DEFAULT current_timestamp() ON UPDATE current_timestamp(),
  `join_date` varchar(200) NOT NULL,
  `leave_date` varchar(200) NOT NULL,
  `action` varchar(500) NOT NULL,
  `deleteReason` text NOT NULL,
  `end_date` varchar(200) NOT NULL
) ENGINE=InnoDB DEFAULT CHARSET=utf8mb4 COLLATE=utf8mb4_general_ci;

--
-- Dumping data for table `student`
--

INSERT INTO `student` (`id`, `studentId`, `studentName`, `mobile`, `gmail`, `referBy`, `description`, `course`, `class_name`, `class_time`, `start_date`, `whatsappLink`, `date`, `join_date`, `leave_date`, `action`, `deleteReason`, `end_date`) VALUES
(10, 'SID01', 's', '9500912258', 'selva@gmail.com', 'admin', '', 'Oracle', 'Oracle Batch 2', '7:00 PM', '2025-01-07', 'https://chat.whatsapp.com/HDCQaaoPP1ZFs4wqwoLw4d', '2025-07-08 03:55:24', '2025-07-05', '2025-07-10', 'Inactive', 'thrla', '2025-04-01'),
(12, 'SID02', 'selva', '9500912257', 'selvakumar@gmail.com', 'admin', '', 'Oracle', 'Oracle Batch 2', '7:00 PM', '2025-01-07', 'https://chat.whatsapp.com/HDCQaaoPP1ZFs4wqwoLw4d', '2025-07-08 03:55:24', '2025-07-05', '', 'Active', '', '2025-04-01'),
(18, 'SID01', 'MANIKANDAN', '9344226932', '', 'admin', 'Oracle Batch 8 & 9 Same whatsapp group.', 'Oracle', 'Oracle Batch 9', '8:30 PM', '2025-04-10', 'https://chat.whatsapp.com/BI6p4DJra5oDTU4G9Dmgxf', '2025-07-11 09:39:27', '2025-04-04', '', 'Active', '', ''),
(19, 'SID02', 'ARULSELVI K', '8110997716', '', 'admin', 'Oracle Batch 8 & 9 Same whatsapp group.', 'Oracle', 'Oracle Batch 9', '8:30 PM', '2025-04-10', 'https://chat.whatsapp.com/BI6p4DJra5oDTU4G9Dmgxf', '2025-07-11 09:39:27', '2025-04-04', '', 'Active', '', ''),
(20, 'SID03', 'Tharani', '7339643917', '', 'admin', 'Oracle Batch 8 & 9 Same whatsapp group.', 'Oracle', 'Oracle Batch 9', '8:30 PM', '2025-04-10', 'https://chat.whatsapp.com/BI6p4DJra5oDTU4G9Dmgxf', '2025-07-11 09:39:27', '2025-04-04', '', 'Active', '', ''),
(22, 'SID04', 'Chandrika', '7867846794', '', 'admin', 'Oracle Batch 8 & 9 Same whatsapp group.', 'Oracle', 'Oracle Batch 9', '8:30 PM', '2025-04-10', 'https://chat.whatsapp.com/BI6p4DJra5oDTU4G9Dmgxf', '2025-07-11 09:39:27', '2025-04-04', '', 'Active', '', ''),
(23, 'SID01', 'Surya ', '8300975729', '', '', '', 'Oracle', 'Oracle Batch 10', '12:00 PM', '2025-04-15', 'https://chat.whatsapp.com/HJQcqIb1FKP6OezEOI5sBW', '2025-07-11 09:39:11', '2025-05-03', '', 'Active', '', ''),
(24, 'SID02', 'Deepak Roshan v', '6381939295', '', '', '', 'Oracle', 'Oracle Batch 10', '12:00 PM', '2025-04-15', 'https://chat.whatsapp.com/HJQcqIb1FKP6OezEOI5sBW', '2025-07-11 09:39:11', '2025-05-03', '', 'Active', '', ''),
(25, 'SID03', 'Vignesh', '8680841834', '', '', '', 'Oracle', 'Oracle Batch 10', '12:00 PM', '2025-04-15', 'https://chat.whatsapp.com/HJQcqIb1FKP6OezEOI5sBW', '2025-07-11 09:39:11', '2025-05-03', '2025-05-23', 'Inactive', '', ''),
(26, 'SID04', 'Mathivathanan', '9976933742', '', '', '', 'Oracle', 'Oracle Batch 10', '12:00 PM', '2025-04-15', 'https://chat.whatsapp.com/HJQcqIb1FKP6OezEOI5sBW', '2025-07-11 09:39:11', '2025-05-03', '', 'Active', '', ''),
(27, 'SID05', 'Deepashalini Palamalai ', '7418293964', '', '', '', 'Oracle', 'Oracle Batch 10', '12:00 PM', '2025-04-15', 'https://chat.whatsapp.com/HJQcqIb1FKP6OezEOI5sBW', '2025-07-11 09:39:11', '2025-05-03', '', 'Active', '', ''),
(28, 'SID06', 'Mohandoss R', '8883444971', '', '', '', 'Oracle', 'Oracle Batch 10', '12:00 PM', '2025-04-15', 'https://chat.whatsapp.com/HJQcqIb1FKP6OezEOI5sBW', '2025-07-11 09:39:11', '2025-05-03', '', 'Active', '', ''),
(29, 'SID07', 'Rathinavel', '8248594356', '', '', '', 'Oracle', 'Oracle Batch 10', '12:00 PM', '2025-04-15', 'https://chat.whatsapp.com/HJQcqIb1FKP6OezEOI5sBW', '2025-07-11 09:39:11', '2025-05-03', '', 'Active', '', ''),
(30, 'SID08', 'Arathy', '9809430258', '', '', '', 'Oracle', 'Oracle Batch 10', '12:00 PM', '2025-04-15', 'https://chat.whatsapp.com/HJQcqIb1FKP6OezEOI5sBW', '2025-07-11 09:39:11', '2025-05-03', '', 'Active', '', ''),
(31, 'SID09', 'krishna kumar', '6369039460', '', '', '', 'Oracle', 'Oracle Batch 10', '12:00 PM', '2025-04-15', 'https://chat.whatsapp.com/HJQcqIb1FKP6OezEOI5sBW', '2025-07-11 09:39:11', '2025-05-03', '', 'Active', '', ''),
(32, 'SID010', 'Naveen Kumar', '8825844973', '', '', '', 'Oracle', 'Oracle Batch 10', '12:00 PM', '2025-04-15', 'https://chat.whatsapp.com/HJQcqIb1FKP6OezEOI5sBW', '2025-07-11 09:39:11', '2025-05-03', '', 'Active', '', ''),
(33, 'SID011', 'Deepanjali', '6379564830', '', '', '', 'Oracle', 'Oracle Batch 10', '12:00 PM', '2025-04-15', 'https://chat.whatsapp.com/HJQcqIb1FKP6OezEOI5sBW', '2025-07-11 09:39:11', '2025-05-03', '', 'Active', '', ''),
(34, 'SID012', 'Sathish', '7904675149', '', '', '', 'Oracle', 'Oracle Batch 10', '12:00 PM', '2025-04-15', 'https://chat.whatsapp.com/HJQcqIb1FKP6OezEOI5sBW', '2025-07-11 09:39:11', '2025-05-03', '', 'Active', '', ''),
(35, 'SID013', 'Aravind', '9486052202', '', '', '', 'Oracle', 'Oracle Batch 10', '12:00 PM', '2025-04-15', 'https://chat.whatsapp.com/HJQcqIb1FKP6OezEOI5sBW', '2025-07-11 09:39:11', '2025-05-03', '', 'Active', '', ''),
(36, 'SID014', 'Prasanth', '9080483113', '', '', '', 'Oracle', 'Oracle Batch 10', '12:00 PM', '2025-04-15', 'https://chat.whatsapp.com/HJQcqIb1FKP6OezEOI5sBW', '2025-07-11 09:39:11', '2025-05-03', '', 'Active', '', ''),
(37, 'SID015', 'Dharmaraj', '8098878795', '', '', '', 'Oracle', 'Oracle Batch 10', '12:00 PM', '2025-04-15', 'https://chat.whatsapp.com/HJQcqIb1FKP6OezEOI5sBW', '2025-07-11 09:39:11', '2025-05-03', '', 'Active', '', ''),
(38, 'SID016', 'Ramkumar', '9514936179', '', '', '', 'Oracle', 'Oracle Batch 10', '12:00 PM', '2025-04-15', 'https://chat.whatsapp.com/HJQcqIb1FKP6OezEOI5sBW', '2025-07-11 09:39:11', '2025-05-03', '', 'Active', '', ''),
(39, 'SID01', 'Vidya', '8939540917', '', '', 'Change To Oracle Batch 12', 'Oracle', 'Oracle Batch 11', '2:00 PM', '2025-05-14', 'https://chat.whatsapp.com/Dy3U5kJOFy253CYhXmwPjo', '2025-07-08 10:37:52', '2025-06-16', '', 'Active', '', '2025-06-24'),
(40, 'SID02', 'Menchu jones', '9962100341', '', '', 'Change To Oracle Batch 12', 'Oracle', 'Oracle Batch 11', '2:00 PM', '2025-05-14', 'https://chat.whatsapp.com/Dy3U5kJOFy253CYhXmwPjo', '2025-07-08 10:37:34', '2025-05-16', '', 'Active', '', '2025-06-24'),
(41, 'SID03', 'Krishna kumar ', '8637497725', '', '', 'Change To Oracle Batch 12', 'Oracle', 'Oracle Batch 11', '2:00 PM', '2025-05-14', 'https://chat.whatsapp.com/Dy3U5kJOFy253CYhXmwPjo', '2025-07-08 10:37:15', '2025-05-16', '', 'Active', '', '2025-06-24'),
(42, 'SID01', 'Sindhu', '9345888534', '', '', 'Change Whatsapp Group Link. Admin - magesh anna', 'Python', 'Python Batch 1', '10:00 AM', '2025-01-07', 'https://chat.whatsapp.com/KKDnk3nM9JyLOskG4zxWaB', '2025-07-11 10:03:46', '2025-01-07', '', 'Active', '', '2025-04-24'),
(43, 'SID02', 'Muthu Kumaran', '9384633370', '', '', 'Change Whatsapp Group Link. Admin - magesh anna', 'Python', 'Python Batch 1', '10:00 AM', '2025-01-07', 'https://chat.whatsapp.com/KKDnk3nM9JyLOskG4zxWaB', '2025-07-11 10:03:46', '2025-01-07', '', 'Active', '', '2025-04-24'),
(44, 'SID03', 'Gopi', '9500562476', '', '', 'Change Whatsapp Group Link. Admin - magesh anna', 'Python', 'Python Batch 1', '10:00 AM', '2025-01-07', 'https://chat.whatsapp.com/KKDnk3nM9JyLOskG4zxWaB', '2025-07-11 10:03:46', '2025-01-07', '', 'Active', '', '2025-04-24'),
(45, 'SID04', 'Nithish', '9384230572', '', '', 'Change Whatsapp Group Link. Admin - magesh anna', 'Python', 'Python Batch 1', '10:00 AM', '2025-01-07', 'https://chat.whatsapp.com/KKDnk3nM9JyLOskG4zxWaB', '2025-07-11 10:03:46', '2025-01-07', '', 'Active', '', '2025-04-24'),
(46, 'SID01', 'Bala Prathyusha', '7095063767', '', '', 'Change Whatsapp Group Link. Admin - Skillfortz', 'Python', 'Python Batch 2', '5:00 PM', '2025-01-20', 'https://chat.whatsapp.com/KKDnk3nM9JyLOskG4zxWaB', '2025-07-11 10:02:41', '2025-01-20', '', 'Active', '', '2025-05-27'),
(47, 'SID02', 'Harish', '6382647819', '', '', 'Change Whatsapp Group Link. Admin - Skillfortz', 'Python', 'Python Batch 2', '5:00 PM', '2025-01-20', 'https://chat.whatsapp.com/KKDnk3nM9JyLOskG4zxWaB', '2025-07-11 10:02:41', '2025-01-20', '', 'Active', '', '2025-05-27'),
(48, 'SID03', 'Mohammad shameer', '6381992622', '', '', 'Change Whatsapp Group Link. Admin - Skillfortz', 'Python', 'Python Batch 2', '5:00 PM', '2025-01-20', 'https://chat.whatsapp.com/KKDnk3nM9JyLOskG4zxWaB', '2025-07-11 10:02:41', '2025-01-20', '', 'Active', '', '2025-05-27'),
(49, 'SID04', 'Pravinraj', '8148440204', '', '', 'Change Whatsapp Group Link. Admin - Skillfortz', 'Python', 'Python Batch 2', '5:00 PM', '2025-01-20', 'https://chat.whatsapp.com/KKDnk3nM9JyLOskG4zxWaB', '2025-07-11 10:02:41', '2025-01-20', '', 'Active', '', '2025-05-27'),
(50, 'SID05', 'Priya Dharshini', '9025586670', '', '', 'Change Whatsapp Group Link. Admin - Skillfortz', 'Python', 'Python Batch 2', '5:00 PM', '2025-01-20', 'https://chat.whatsapp.com/KKDnk3nM9JyLOskG4zxWaB', '2025-07-11 10:02:41', '2025-01-20', '', 'Active', '', '2025-05-27'),
(51, 'SID06', 'Josuva', '8248965345', '', '', 'Change Whatsapp Group Link. Admin - Skillfortz', 'Python', 'Python Batch 2', '5:00 PM', '2025-01-20', 'https://chat.whatsapp.com/KKDnk3nM9JyLOskG4zxWaB', '2025-07-11 10:02:41', '2025-01-20', '', 'Active', '', '2025-05-27'),
(52, 'SID07', 'Rahul', '6383840354', '', '', 'Change Whatsapp Group Link. Admin - Skillfortz', 'Python', 'Python Batch 2', '5:00 PM', '2025-01-20', 'https://chat.whatsapp.com/KKDnk3nM9JyLOskG4zxWaB', '2025-07-11 10:02:41', '2025-01-20', '', 'Active', '', '2025-05-27'),
(53, 'SID01', 'Harish V', '9092528246', '', '', '', 'Python', 'Python Batch 3', '10:00 AM', '2025-02-17', 'https://chat.whatsapp.com/FpmNwsIyl1E2VQ6YxY0r8c', '2025-07-08 10:56:40', '2025-02-17', '', 'Active', '', '2025-06-03'),
(54, 'SID02', 'Yogesh', '9159636577', '', '', '', 'Python', 'Python Batch 3', '10:00 AM', '2025-02-17', 'https://chat.whatsapp.com/FpmNwsIyl1E2VQ6YxY0r8c', '2025-07-08 10:57:14', '2025-02-17', '', 'Active', '', '2025-06-03'),
(55, 'SID03', 'Saravanan', '8056246234', '', '', '', 'Python', 'Python Batch 3', '10:00 AM', '2025-02-17', 'https://chat.whatsapp.com/FpmNwsIyl1E2VQ6YxY0r8c', '2025-07-08 10:57:49', '2025-02-17', '', 'Active', '', '2025-06-03'),
(56, 'SID04', 'Madhu ', '9843062205', '', '', '', 'Python', 'Python Batch 3', '10:00 AM', '2025-02-17', 'https://chat.whatsapp.com/FpmNwsIyl1E2VQ6YxY0r8c', '2025-07-08 10:58:35', '2025-02-17', '', 'Active', '', '2025-06-03'),
(57, 'SID05', 'Ananth S', '6385556547', '', '', '', 'Python', 'Python Batch 3', '10:00 AM', '2025-02-17', 'https://chat.whatsapp.com/FpmNwsIyl1E2VQ6YxY0r8c', '2025-07-08 10:59:22', '2025-02-17', '', 'Active', '', '2025-06-03'),
(58, 'SID06', 'sangeetha', '9344312235', '', '', '', 'Python', 'Python Batch 3', '10:00 AM', '2025-02-17', 'https://chat.whatsapp.com/FpmNwsIyl1E2VQ6YxY0r8c', '2025-07-08 10:59:53', '2025-02-17', '', 'Active', '', '2025-06-03'),
(59, 'SID01', 'Suresh', '95664 33593', '', '', '', 'Python', 'Python Batch 4', '11:00 AM', '2025-04-02', 'https://chat.whatsapp.com/CdBer0LJqJG6OEUpZBcdTY', '2025-07-08 11:36:31', '2025-04-02', '', 'Active', '', ''),
(60, 'SID02', 'Kowsalya', '9790759716', '', '', '', 'Python', 'Python Batch 4', '11:00 AM', '2025-04-02', 'https://chat.whatsapp.com/CdBer0LJqJG6OEUpZBcdTY', '2025-07-08 11:37:17', '2025-04-02', '', 'Active', '', ''),
(61, 'SID03', 'Tharun', '9171524503', '', '', '', 'Python', 'Python Batch 4', '11:00 AM', '2025-04-02', 'https://chat.whatsapp.com/CdBer0LJqJG6OEUpZBcdTY', '2025-07-08 11:37:50', '2025-04-02', '', 'Active', '', ''),
(62, 'SID04', 'vishwa', '6369503460', '', '', '', 'Python', 'Python Batch 4', '11:00 AM', '2025-04-02', 'https://chat.whatsapp.com/CdBer0LJqJG6OEUpZBcdTY', '2025-07-08 11:38:20', '2025-04-02', '', 'Active', '', ''),
(63, 'SID05', 'Keith', '6382120727', '', '', '', 'Python', 'Python Batch 4', '11:00 AM', '2025-04-02', 'https://chat.whatsapp.com/CdBer0LJqJG6OEUpZBcdTY', '2025-07-08 11:38:51', '2025-04-02', '', 'Active', '', ''),
(64, 'SID06', 'Prasanna', '9791743280', '', '', '', 'Python', 'Python Batch 4', '11:00 AM', '2025-04-02', 'https://chat.whatsapp.com/CdBer0LJqJG6OEUpZBcdTY', '2025-07-08 11:39:20', '2025-04-02', '', 'Active', '', ''),
(65, 'SID07', 'Ayyanar', '9655864785', '', '', '', 'Python', 'Python Batch 4', '11:00 AM', '2025-04-02', 'https://chat.whatsapp.com/CdBer0LJqJG6OEUpZBcdTY', '2025-07-08 11:39:55', '2025-04-02', '', 'Active', '', ''),
(66, 'SID08', 'Divya', '6379769668', '', '', '', 'Python', 'Python Batch 4', '11:00 AM', '2025-04-02', 'https://chat.whatsapp.com/CdBer0LJqJG6OEUpZBcdTY', '2025-07-08 11:40:22', '2025-04-02', '', 'Active', '', ''),
(67, 'SID09', 'Dilip ', '9345320359', '', '', '', 'Python', 'Python Batch 4', '11:00 AM', '2025-04-02', 'https://chat.whatsapp.com/CdBer0LJqJG6OEUpZBcdTY', '2025-07-08 11:40:50', '2025-04-02', '', 'Active', '', ''),
(68, 'SID010', 'Mithun', '8892082422', '', '', '', 'Python', 'Python Batch 4', '11:00 AM', '2025-04-02', 'https://chat.whatsapp.com/CdBer0LJqJG6OEUpZBcdTY', '2025-07-08 11:41:22', '2025-04-02', '', 'Active', '', ''),
(69, 'SID011', 'Irshad', '9789261630', '', '', '', 'Python', 'Python Batch 4', '11:00 AM', '2025-04-02', 'https://chat.whatsapp.com/CdBer0LJqJG6OEUpZBcdTY', '2025-07-08 11:43:39', '2025-04-02', '', 'Active', '', ''),
(70, 'SID012', 'Aarthy', '8838555658', '', '', '', 'Python', 'Python Batch 4', '11:00 AM', '2025-04-02', 'https://chat.whatsapp.com/CdBer0LJqJG6OEUpZBcdTY', '2025-07-08 11:44:16', '2025-04-02', '', 'Active', '', ''),
(71, 'SID01', '', '', '', '', '', '', '', '', '', '', '2025-07-08 11:45:00', '', '', 'Active', '', ''),
(74, 'SID013', 'Russo', '8667384036', '', '', '', 'Python', 'Python Batch 4', '11:00 AM', '2025-04-02', 'https://chat.whatsapp.com/CdBer0LJqJG6OEUpZBcdTY', '2025-07-08 11:50:56', '2025-04-02', '', 'Active', '', ''),
(75, 'SID01', 'Bathri Nath', '8056713494', '', '', '', 'Python', 'Python Batch 5', '11:00 AM', '2025-04-15', 'https://chat.whatsapp.com/CoANoIh1jcw9d8Z29lM6KB', '2025-07-08 11:53:17', '2025-04-15', '', 'Active', '', ''),
(76, 'SID02', 'BHARATHIRAJA.R', '6384619618', '', '', '', 'Python', 'Python Batch 5', '11:00 AM', '2025-04-15', 'https://chat.whatsapp.com/CoANoIh1jcw9d8Z29lM6KB', '2025-07-08 11:54:54', '2025-04-15', '2025-06-25', 'Inactive', 'Payment Issues', ''),
(77, 'SID03', 'desappriyan', '8695513113', '', '', 'After One Week He will be Join the Session', 'Python', 'Python Batch 5', '11:00 AM', '2025-04-15', 'https://chat.whatsapp.com/CoANoIh1jcw9d8Z29lM6KB', '2025-07-08 11:56:08', '2025-04-15', '', 'Active', '', ''),
(78, 'SID04', 'thiyagu', '7010809761', '', '', '', 'Python', 'Python Batch 5', '11:00 AM', '2025-04-15', 'https://chat.whatsapp.com/CoANoIh1jcw9d8Z29lM6KB', '2025-07-08 11:56:45', '2025-04-15', '', 'Active', '', ''),
(79, 'SID05', 'Raguraman', '9159814922', '', '', '', 'Python', 'Python Batch 5', '11:00 AM', '2025-04-15', 'https://chat.whatsapp.com/CoANoIh1jcw9d8Z29lM6KB', '2025-07-08 11:57:36', '2025-04-15', '', 'Active', '', ''),
(80, 'SID06', 'Ram prabhu', '9790450597', '', '', '', 'Python', 'Python Batch 5', '11:00 AM', '2025-04-15', 'https://chat.whatsapp.com/CoANoIh1jcw9d8Z29lM6KB', '2025-07-08 11:58:11', '2025-04-15', '', 'Active', '', ''),
(81, 'SID01', 'Raja Mohamad', '7010963769', '', '', '', 'Python', 'Python Batch 6', '6:00 PM', '2025-05-12', 'https://chat.whatsapp.com/IuFMRo0gG99AhF2PRCzwLb', '2025-07-09 08:41:25', '2025-05-12', '', 'Active', '', ''),
(82, 'SID02', 'Parimala', '9791977193', '', '', '', 'Python', 'Python Batch 6', '6:00 PM', '2025-05-12', 'https://chat.whatsapp.com/IuFMRo0gG99AhF2PRCzwLb', '2025-07-09 08:41:55', '2025-05-12', '', 'Active', '', ''),
(83, 'SID03', 'Priya Dharshini', '9342879381', '', '', '', 'Python', 'Python Batch 6', '6:00 PM', '2025-05-12', 'https://chat.whatsapp.com/IuFMRo0gG99AhF2PRCzwLb', '2025-07-09 08:42:27', '2025-05-12', '', 'Active', '', ''),
(84, 'SID04', 'Pratheep', '6381179227', '', '', '', 'Python', 'Python Batch 6', '6:00 PM', '2025-05-12', 'https://chat.whatsapp.com/IuFMRo0gG99AhF2PRCzwLb', '2025-07-09 08:42:57', '2025-05-12', '', 'Active', '', ''),
(85, 'SID05', 'Srinivasan', '6383136779', '', '', '', 'Python', 'Python Batch 6', '6:00 PM', '2025-05-12', 'https://chat.whatsapp.com/IuFMRo0gG99AhF2PRCzwLb', '2025-07-09 08:43:29', '2025-05-12', '', 'Active', '', ''),
(86, 'SID06', 'Yuvaraj', '6383330509', '', '', 'Informed magesh anna. Come to direct office ', 'Python', 'Python Batch 6', '6:00 PM', '2025-05-12', 'https://chat.whatsapp.com/IuFMRo0gG99AhF2PRCzwLb', '2025-07-14 12:48:23', '2025-05-12', '', 'Active', '', ''),
(87, 'SID07', 'Meialagar', '9994077580', '', '', '', 'Python', 'Python Batch 6', '6:00 PM', '2025-05-12', 'https://chat.whatsapp.com/IuFMRo0gG99AhF2PRCzwLb', '2025-07-09 08:44:24', '2025-05-12', '', 'Active', '', ''),
(88, 'SID08', 'Praveen kumar', '6380510544', '', '', '', 'Python', 'Python Batch 6', '6:00 PM', '2025-05-12', 'https://chat.whatsapp.com/IuFMRo0gG99AhF2PRCzwLb', '2025-07-09 08:44:52', '2025-05-12', '', 'Active', '', ''),
(89, 'SID09', 'sanjeev', '9884934005', '', '', '', 'Python', 'Python Batch 6', '6:00 PM', '2025-05-12', 'https://chat.whatsapp.com/IuFMRo0gG99AhF2PRCzwLb', '2025-07-09 08:45:19', '2025-05-12', '', 'Active', '', ''),
(90, 'SID01', 'Bharath B', '6381199263', '', '', '', 'Python', 'Python Batch 7', '10:00 AM', '2025-06-03', 'https://chat.whatsapp.com/JfkdzuG0KYALH1mAuh8pq7', '2025-07-11 09:59:58', '2025-06-03', '', 'Active', '', ''),
(91, 'SID02', 'Vishnu', '9176071577', '', '', '', 'Python', 'Python Batch 7', '10:00 AM', '2025-06-03', 'https://chat.whatsapp.com/JfkdzuG0KYALH1mAuh8pq7', '2025-07-11 09:59:58', '2025-06-03', '', 'Active', '', ''),
(92, 'SID03', 'Priyan', '9698986488', '', '', '', 'Python', 'Python Batch 7', '10:00 AM', '2025-06-03', 'https://chat.whatsapp.com/JfkdzuG0KYALH1mAuh8pq7', '2025-07-11 09:59:58', '2025-06-03', '', 'Active', '', ''),
(93, 'SID04', 'Charan', '8179261977', '', '', '', 'Python', 'Python Batch 7', '10:00 AM', '2025-06-03', 'https://chat.whatsapp.com/JfkdzuG0KYALH1mAuh8pq7', '2025-07-11 09:59:58', '2025-06-03', '', 'Active', '', ''),
(94, 'SID05', 'Amarish', '7708457086', '', '', '', 'Python', 'Python Batch 7', '10:00 AM', '2025-06-03', 'https://chat.whatsapp.com/JfkdzuG0KYALH1mAuh8pq7', '2025-07-11 09:59:58', '2025-06-03', '', 'Active', '', ''),
(95, 'SID06', 'Sabarish PS', '9841990413', '', '', '', 'Python', 'Python Batch 7', '10:00 AM', '2025-06-03', 'https://chat.whatsapp.com/JfkdzuG0KYALH1mAuh8pq7', '2025-07-11 09:59:58', '2025-06-03', '', 'Active', '', ''),
(96, 'SID07', 'Angel Mercy', '7092419645', '', '', '', 'Python', 'Python Batch 7', '10:00 AM', '2025-06-03', 'https://chat.whatsapp.com/JfkdzuG0KYALH1mAuh8pq7', '2025-07-11 09:59:58', '2025-06-03', '', 'Active', '', ''),
(97, 'SID08', 'Vembu', '95669 75342', '', '', '', 'Python', 'Python Batch 7', '10:00 AM', '2025-06-03', 'https://chat.whatsapp.com/JfkdzuG0KYALH1mAuh8pq7', '2025-07-11 09:59:58', '2025-06-03', '', 'Active', '', ''),
(98, 'SID09', 'Suriya', '8270085401', '', '', '', 'Python', 'Python Batch 7', '10:00 AM', '2025-06-03', 'https://chat.whatsapp.com/JfkdzuG0KYALH1mAuh8pq7', '2025-07-11 09:59:58', '2025-07-05', '', 'Active', '', ''),
(99, 'SID01', 'Gokul prasath M', '7092630293', '', '', '', 'Oracle', 'Oracle Batch 8', '8:30 PM', '2025-03-12', 'https://chat.whatsapp.com/BI6p4DJra5oDTU4G9Dmgxf', '2025-07-11 10:18:23', '2025-03-12', '', 'Active', '', '2025-06-20'),
(100, 'SID02', 'muthu karuppu', '6379120238', '', '', '', 'Oracle', 'Oracle Batch 8', '8:30 PM', '2025-03-12', 'https://chat.whatsapp.com/BI6p4DJra5oDTU4G9Dmgxf', '2025-07-15 08:11:02', '2025-03-12', '', 'Active', '', '2025-06-20'),
(102, 'SID03', 'Tamilselvan', '6379789901', '', '', '', 'Oracle', 'Oracle Batch 8', '8:30 PM', '2025-03-12', 'https://chat.whatsapp.com/BI6p4DJra5oDTU4G9Dmgxf', '2025-07-15 08:10:13', '2025-03-12', '', 'Active', '', '2025-06-20'),
(103, 'SID04', 'Gopinath.M', '8489609878', '', '', '', 'Oracle', 'Oracle Batch 8', '8:30 PM', '2025-03-12', 'https://chat.whatsapp.com/BI6p4DJra5oDTU4G9Dmgxf', '2025-07-15 08:14:14', '2025-03-12', '', 'Active', '', '2025-06-20'),
(104, 'SID05', 'Kamalesh G', '6383992884', '', '', '', 'Oracle', 'Oracle Batch 8', '8:30 PM', '2025-03-12', 'https://chat.whatsapp.com/BI6p4DJra5oDTU4G9Dmgxf', '2025-07-15 08:14:46', '2025-03-12', '', 'Active', '', '2025-06-20'),
(105, 'SID01', 'Lekhya Salva', '6301574894', '', '', '', 'Oracle', 'Oracle Batch 13', '7:00 PM', '2025-07-17', 'https://chat.whatsapp.com/G7JVkD0FLJOBAh2TRwJyFd', '2025-07-18 11:48:05', '2025-07-17', '', 'Active', '', ''),
(106, 'SID02', 'Aravind', '8124341527', '', '', '', 'Oracle', 'Oracle Batch 13', '7:00 PM', '2025-07-17', 'https://chat.whatsapp.com/G7JVkD0FLJOBAh2TRwJyFd', '2025-07-18 11:48:44', '2025-07-17', '', 'Active', '', ''),
(107, 'SID03', 'Ganesh', '9603210160', '', '', '', 'Oracle', 'Oracle Batch 13', '7:00 PM', '2025-07-17', 'https://chat.whatsapp.com/G7JVkD0FLJOBAh2TRwJyFd', '2025-07-18 11:49:20', '2025-07-17', '', 'Active', '', ''),
(108, 'SID04', 'Gopi Micca', '9500562476', '', '', '', 'Oracle', 'Oracle Batch 13', '7:00 PM', '2025-07-17', 'https://chat.whatsapp.com/G7JVkD0FLJOBAh2TRwJyFd', '2025-07-18 11:49:56', '2025-07-17', '', 'Active', '', ''),
(109, 'SID05', 'Haritha', '6380975923', '', '', '', 'Oracle', 'Oracle Batch 13', '7:00 PM', '2025-07-17', 'https://chat.whatsapp.com/G7JVkD0FLJOBAh2TRwJyFd', '2025-07-18 11:50:33', '2025-07-17', '', 'Active', '', ''),
(110, 'SID06', 'Dineshwar ', '7892112109 ', '', '', 'offline', 'Oracle', 'Oracle Batch 13', '7:00 PM', '2025-07-17', 'https://chat.whatsapp.com/G7JVkD0FLJOBAh2TRwJyFd', '2025-07-18 11:52:57', '2025-07-17', '', 'Active', '', ''),
(111, 'SID07', 'Dhetchidha ', '6382921858 ', '', '', 'offline', 'Oracle', 'Oracle Batch 13', '7:00 PM', '2025-07-17', 'https://chat.whatsapp.com/G7JVkD0FLJOBAh2TRwJyFd', '2025-07-18 11:53:39', '2025-07-17', '', 'Active', '', ''),
(112, 'SID08', 'Bharath', '8096441465', '', '', '', 'Oracle', 'Oracle Batch 13', '7:00 PM', '2025-07-17', 'https://chat.whatsapp.com/G7JVkD0FLJOBAh2TRwJyFd', '2025-07-18 11:54:18', '2025-07-17', '', 'Active', '', ''),
(113, 'SID09', 'Ajay', '9791146014', '', '', 'offline', 'Oracle', 'Oracle Batch 13', '7:00 PM', '2025-07-17', 'https://chat.whatsapp.com/G7JVkD0FLJOBAh2TRwJyFd', '2025-07-18 11:54:55', '2025-07-17', '', 'Active', '', ''),
(114, 'SID010', 'Harshitha', '8660812285', '', '', '8660812285 / 9900921409', 'Oracle', 'Oracle Batch 13', '7:00 PM', '2025-07-17', 'https://chat.whatsapp.com/G7JVkD0FLJOBAh2TRwJyFd', '2025-07-18 11:55:46', '2025-07-17', '', 'Active', '', '');

--
-- Indexes for dumped tables
--

--
-- Indexes for table `admin`
--
ALTER TABLE `admin`
  ADD PRIMARY KEY (`id`);

--
-- Indexes for table `attendance`
--
ALTER TABLE `attendance`
  ADD PRIMARY KEY (`id`),
  ADD KEY `attendance_ibfk_1` (`student_id`);

--
-- Indexes for table `category`
--
ALTER TABLE `category`
  ADD PRIMARY KEY (`id`);

--
-- Indexes for table `products`
--
ALTER TABLE `products`
  ADD PRIMARY KEY (`id`);

--
-- Indexes for table `student`
--
ALTER TABLE `student`
  ADD PRIMARY KEY (`id`);

--
-- AUTO_INCREMENT for dumped tables
--

--
-- AUTO_INCREMENT for table `admin`
--
ALTER TABLE `admin`
  MODIFY `id` int(200) NOT NULL AUTO_INCREMENT, AUTO_INCREMENT=2;

--
-- AUTO_INCREMENT for table `attendance`
--
ALTER TABLE `attendance`
  MODIFY `id` int(11) NOT NULL AUTO_INCREMENT, AUTO_INCREMENT=660;

--
-- AUTO_INCREMENT for table `category`
--
ALTER TABLE `category`
  MODIFY `id` int(200) NOT NULL AUTO_INCREMENT, AUTO_INCREMENT=45;

--
-- AUTO_INCREMENT for table `products`
--
ALTER TABLE `products`
  MODIFY `id` int(11) NOT NULL AUTO_INCREMENT, AUTO_INCREMENT=36;

--
-- AUTO_INCREMENT for table `student`
--
ALTER TABLE `student`
  MODIFY `id` int(11) NOT NULL AUTO_INCREMENT, AUTO_INCREMENT=115;

--
-- Constraints for dumped tables
--

--
-- Constraints for table `attendance`
--
ALTER TABLE `attendance`
  ADD CONSTRAINT `attendance_ibfk_1` FOREIGN KEY (`student_id`) REFERENCES `student` (`id`) ON DELETE CASCADE;
COMMIT;

/*!40101 SET CHARACTER_SET_CLIENT=@OLD_CHARACTER_SET_CLIENT */;
/*!40101 SET CHARACTER_SET_RESULTS=@OLD_CHARACTER_SET_RESULTS */;
/*!40101 SET COLLATION_CONNECTION=@OLD_COLLATION_CONNECTION */;
